Provincia;Anio;Total;Hombres;Mujeres
Araba/Álava;1975;31.04;30.36;31.73
Araba/Álava;1976;31.11;30.43;31.8
Araba/Álava;1977;31.19;30.49;31.9
Araba/Álava;1978;31.32;30.6;32.05
Araba/Álava;1979;31.5;30.77;32.24
Araba/Álava;1980;31.74;31.01;32.47
Araba/Álava;1981;32.01;31.27;32.77
Araba/Álava;1982;32.34;31.6;33.09
Araba/Álava;1983;32.72;31.97;33.49
Araba/Álava;1984;33.1;32.34;33.87
Araba/Álava;1985;33.51;32.72;34.31
Araba/Álava;1986;33.91;33.13;34.7
Araba/Álava;1987;34.36;33.56;35.16
Araba/Álava;1988;34.83;34.02;35.64
Araba/Álava;1989;35.28;34.45;36.1
Araba/Álava;1990;35.75;34.91;36.59
Araba/Álava;1991;36.23;35.38;37.08
Araba/Álava;1992;36.68;35.81;37.54
Araba/Álava;1993;37.13;36.24;38.01
Araba/Álava;1994;37.57;36.67;38.46
Araba/Álava;1995;38.04;37.13;38.95
Araba/Álava;1996;38.49;37.55;39.42
Araba/Álava;1997;38.92;37.96;39.85
Araba/Álava;1998;39.35;38.37;40.31
Araba/Álava;1999;39.77;38.78;40.74
Araba/Álava;2000;40.15;39.17;41.12
Araba/Álava;2001;40.54;39.54;41.51
Araba/Álava;2002;40.89;39.89;41.88
Araba/Álava;2003;41.12;40.08;42.16
Araba/Álava;2004;41.31;40.24;42.39
Araba/Álava;2005;41.48;40.4;42.56
Araba/Álava;2006;41.66;40.56;42.75
Araba/Álava;2007;41.84;40.73;42.94
Araba/Álava;2008;41.98;40.88;43.09
Araba/Álava;2009;42.12;41.0;43.23
Araba/Álava;2010;42.32;41.19;43.46
Araba/Álava;2011;42.5;41.37;43.63
Araba/Álava;2012;42.74;41.6;43.87
Araba/Álava;2013;43.05;41.9;44.18
Araba/Álava;2014;43.32;42.16;44.47
Araba/Álava;2015;43.56;42.39;44.69
Araba/Álava;2016;43.76;42.59;44.89
Araba/Álava;2017;43.93;42.75;45.08
Araba/Álava;2018;44.1;42.92;45.25
Araba/Álava;2019;44.32;43.11;45.49
Araba/Álava;2020;44.51;43.29;45.7
Araba/Álava;2021;44.76;43.52;45.96
Araba/Álava;2022;45.05;43.8;46.27
Araba/Álava;2023;45.24;43.96;46.49
Araba/Álava;2024;45.47;44.18;46.73
Albacete;1975;33.16;32.24;34.07
Albacete;1976;33.32;32.37;34.26
Albacete;1977;33.46;32.48;34.43
Albacete;1978;33.62;32.61;34.63
Albacete;1979;33.78;32.73;34.81
Albacete;1980;33.96;32.91;35.0
Albacete;1981;34.13;33.03;35.21
Albacete;1982;34.31;33.21;35.4
Albacete;1983;34.51;33.4;35.61
Albacete;1984;34.72;33.6;35.83
Albacete;1985;34.94;33.82;36.05
Albacete;1986;35.17;34.06;36.28
Albacete;1987;35.43;34.31;36.53
Albacete;1988;35.68;34.59;36.76
Albacete;1989;35.96;34.88;37.02
Albacete;1990;36.24;35.17;37.3
Albacete;1991;36.55;35.48;37.6
Albacete;1992;36.78;35.7;37.84
Albacete;1993;36.98;35.91;38.04
Albacete;1994;37.21;36.13;38.29
Albacete;1995;37.46;36.38;38.53
Albacete;1996;37.72;36.62;38.82
Albacete;1997;37.98;36.85;39.11
Albacete;1998;38.28;37.14;39.41
Albacete;1999;38.55;37.4;39.69
Albacete;2000;38.84;37.68;39.98
Albacete;2001;39.13;37.98;40.26
Albacete;2002;39.39;38.24;40.52
Albacete;2003;39.55;38.41;40.7
Albacete;2004;39.71;38.57;40.86
Albacete;2005;39.9;38.75;41.05
Albacete;2006;40.06;38.91;41.22
Albacete;2007;40.18;39.02;41.35
Albacete;2008;40.32;39.15;41.51
Albacete;2009;40.51;39.36;41.67
Albacete;2010;40.73;39.6;41.88
Albacete;2011;40.99;39.88;42.11
Albacete;2012;41.25;40.15;42.36
Albacete;2013;41.54;40.45;42.63
Albacete;2014;41.89;40.79;42.99
Albacete;2015;42.19;41.07;43.32
Albacete;2016;42.53;41.39;43.67
Albacete;2017;42.84;41.71;43.98
Albacete;2018;43.12;41.98;44.25
Albacete;2019;43.41;42.25;44.56
Albacete;2020;43.67;42.52;44.83
Albacete;2021;43.85;42.71;44.99
Albacete;2022;44.14;42.97;45.3
Albacete;2023;44.34;43.16;45.53
Albacete;2024;44.59;43.4;45.78
Alicante/Alacant;1975;32.47;31.32;33.57
Alicante/Alacant;1976;32.49;31.34;33.6
Alicante/Alacant;1977;32.52;31.37;33.63
Alicante/Alacant;1978;32.6;31.43;33.73
Alicante/Alacant;1979;32.7;31.52;33.83
Alicante/Alacant;1980;32.85;31.66;34.0
Alicante/Alacant;1981;33.03;31.83;34.19
Alicante/Alacant;1982;33.19;32.0;34.35
Alicante/Alacant;1983;33.4;32.2;34.56
Alicante/Alacant;1984;33.64;32.45;34.8
Alicante/Alacant;1985;33.93;32.72;35.09
Alicante/Alacant;1986;34.21;33.0;35.37
Alicante/Alacant;1987;34.5;33.3;35.65
Alicante/Alacant;1988;34.8;33.61;35.96
Alicante/Alacant;1989;35.1;33.91;36.24
Alicante/Alacant;1990;35.41;34.24;36.53
Alicante/Alacant;1991;35.72;34.57;36.84
Alicante/Alacant;1992;36.03;34.87;37.14
Alicante/Alacant;1993;36.34;35.19;37.46
Alicante/Alacant;1994;36.67;35.52;37.78
Alicante/Alacant;1995;37.01;35.86;38.13
Alicante/Alacant;1996;37.36;36.22;38.48
Alicante/Alacant;1997;37.72;36.58;38.83
Alicante/Alacant;1998;38.07;36.93;39.19
Alicante/Alacant;1999;38.42;37.28;39.53
Alicante/Alacant;2000;38.74;37.61;39.85
Alicante/Alacant;2001;39.06;37.92;40.17
Alicante/Alacant;2002;39.38;38.25;40.48
Alicante/Alacant;2003;39.56;38.46;40.64
Alicante/Alacant;2004;39.73;38.66;40.78
Alicante/Alacant;2005;39.96;38.91;41.0
Alicante/Alacant;2006;40.19;39.16;41.21
Alicante/Alacant;2007;40.38;39.38;41.39
Alicante/Alacant;2008;40.55;39.56;41.54
Alicante/Alacant;2009;40.79;39.8;41.78
Alicante/Alacant;2010;41.14;40.15;42.12
Alicante/Alacant;2011;41.47;40.49;42.45
Alicante/Alacant;2012;41.79;40.81;42.77
Alicante/Alacant;2013;42.11;41.13;43.08
Alicante/Alacant;2014;42.41;41.42;43.39
Alicante/Alacant;2015;42.66;41.66;43.64
Alicante/Alacant;2016;42.87;41.87;43.87
Alicante/Alacant;2017;43.11;42.09;44.12
Alicante/Alacant;2018;43.29;42.25;44.31
Alicante/Alacant;2019;43.47;42.43;44.5
Alicante/Alacant;2020;43.66;42.6;44.7
Alicante/Alacant;2021;43.92;42.86;44.96
Alicante/Alacant;2022;44.28;43.22;45.31
Alicante/Alacant;2023;44.3;43.23;45.34
Alicante/Alacant;2024;44.34;43.27;45.39
Almería;1975;31.62;30.32;32.88
Almería;1976;31.73;30.43;32.98
Almería;1977;31.8;30.52;33.04
Almería;1978;31.9;30.62;33.15
Almería;1979;32.01;30.73;33.26
Almería;1980;32.14;30.87;33.38
Almería;1981;32.27;31.02;33.49
Almería;1982;32.36;31.12;33.57
Almería;1983;32.51;31.29;33.69
Almería;1984;32.65;31.46;33.82
Almería;1985;32.84;31.66;33.99
Almería;1986;33.03;31.86;34.17
Almería;1987;33.23;32.09;34.35
Almería;1988;33.43;32.29;34.54
Almería;1989;33.64;32.51;34.74
Almería;1990;33.85;32.73;34.96
Almería;1991;34.07;32.94;35.17
Almería;1992;34.24;33.11;35.35
Almería;1993;34.43;33.29;35.56
Almería;1994;34.63;33.48;35.78
Almería;1995;34.88;33.72;36.03
Almería;1996;35.12;33.96;36.29
Almería;1997;35.37;34.21;36.53
Almería;1998;35.63;34.46;36.81
Almería;1999;35.9;34.74;37.07
Almería;2000;36.13;34.96;37.33
Almería;2001;36.4;35.25;37.59
Almería;2002;36.55;35.36;37.79
Almería;2003;36.69;35.57;37.85
Almería;2004;36.82;35.75;37.92
Almería;2005;36.87;35.79;38.01
Almería;2006;36.94;35.88;38.07
Almería;2007;37.13;36.13;38.19
Almería;2008;37.3;36.34;38.31
Almería;2009;37.47;36.51;38.48
Almería;2010;37.75;36.82;38.74
Almería;2011;38.05;37.14;39.01
Almería;2012;38.37;37.5;39.27
Almería;2013;38.63;37.78;39.5
Almería;2014;38.91;38.06;39.78
Almería;2015;39.2;38.35;40.07
Almería;2016;39.43;38.59;40.29
Almería;2017;39.69;38.86;40.56
Almería;2018;39.91;39.06;40.79
Almería;2019;40.09;39.2;41.02
Almería;2020;40.32;39.4;41.27
Almería;2021;40.59;39.65;41.56
Almería;2022;40.78;39.82;41.78
Almería;2023;40.91;39.96;41.91
Almería;2024;41.16;40.22;42.15
Ávila;1975;36.13;35.24;37.03
Ávila;1976;36.45;35.51;37.41
Ávila;1977;36.79;35.78;37.81
Ávila;1978;37.07;36.0;38.16
Ávila;1979;37.33;36.24;38.44
Ávila;1980;37.59;36.49;38.72
Ávila;1981;37.87;36.73;39.03
Ávila;1982;38.16;37.01;39.34
Ávila;1983;38.5;37.33;39.71
Ávila;1984;38.85;37.68;40.05
Ávila;1985;39.17;38.02;40.35
Ávila;1986;39.48;38.33;40.64
Ávila;1987;39.78;38.64;40.94
Ávila;1988;40.1;38.94;41.27
Ávila;1989;40.43;39.29;41.59
Ávila;1990;40.75;39.61;41.91
Ávila;1991;41.05;39.95;42.16
Ávila;1992;41.41;40.28;42.55
Ávila;1993;41.8;40.66;42.96
Ávila;1994;42.17;41.01;43.35
Ávila;1995;42.52;41.35;43.7
Ávila;1996;42.84;41.66;44.03
Ávila;1997;43.18;41.99;44.38
Ávila;1998;43.52;42.31;44.74
Ávila;1999;43.84;42.6;45.1
Ávila;2000;44.18;42.93;45.43
Ávila;2001;44.51;43.25;45.77
Ávila;2002;44.76;43.49;46.04
Ávila;2003;44.96;43.69;46.24
Ávila;2004;45.14;43.89;46.4
Ávila;2005;45.22;43.95;46.5
Ávila;2006;45.22;43.97;46.48
Ávila;2007;45.15;43.93;46.39
Ávila;2008;44.96;43.73;46.22
Ávila;2009;45.0;43.78;46.24
Ávila;2010;45.16;43.98;46.36
Ávila;2011;45.4;44.24;46.58
Ávila;2012;45.66;44.53;46.82
Ávila;2013;45.91;44.79;47.05
Ávila;2014;46.21;45.06;47.38
Ávila;2015;46.5;45.35;47.67
Ávila;2016;46.81;45.69;47.95
Ávila;2017;47.12;45.97;48.3
Ávila;2018;47.34;46.23;48.47
Ávila;2019;47.63;46.54;48.74
Ávila;2020;47.84;46.76;48.94
Ávila;2021;47.94;46.89;49.0
Ávila;2022;48.24;47.17;49.33
Ávila;2023;48.34;47.29;49.4
Ávila;2024;48.46;47.41;49.52
Badajoz;1975;33.66;32.35;34.94
Badajoz;1976;33.89;32.55;35.19
Badajoz;1977;34.09;32.71;35.43
Badajoz;1978;34.29;32.88;35.65
Badajoz;1979;34.45;33.01;35.85
Badajoz;1980;34.6;33.13;36.03
Badajoz;1981;34.74;33.25;36.19
Badajoz;1982;34.87;33.37;36.32
Badajoz;1983;35.03;33.53;36.49
Badajoz;1984;35.18;33.68;36.63
Badajoz;1985;35.35;33.85;36.8
Badajoz;1986;35.55;34.06;37.01
Badajoz;1987;35.75;34.26;37.2
Badajoz;1988;35.95;34.47;37.39
Badajoz;1989;36.15;34.68;37.58
Badajoz;1990;36.35;34.91;37.77
Badajoz;1991;36.57;35.13;37.97
Badajoz;1992;36.75;35.32;38.15
Badajoz;1993;36.96;35.54;38.34
Badajoz;1994;37.17;35.78;38.53
Badajoz;1995;37.42;36.03;38.77
Badajoz;1996;37.67;36.29;39.03
Badajoz;1997;37.93;36.55;39.28
Badajoz;1998;38.21;36.83;39.56
Badajoz;1999;38.48;37.1;39.81
Badajoz;2000;38.73;37.37;40.06
Badajoz;2001;39.01;37.65;40.33
Badajoz;2002;39.26;37.92;40.57
Badajoz;2003;39.52;38.18;40.82
Badajoz;2004;39.72;38.4;41.0
Badajoz;2005;39.95;38.65;41.22
Badajoz;2006;40.14;38.86;41.4
Badajoz;2007;40.34;39.08;41.59
Badajoz;2008;40.51;39.25;41.75
Badajoz;2009;40.7;39.46;41.92
Badajoz;2010;40.9;39.67;42.11
Badajoz;2011;41.12;39.91;42.31
Badajoz;2012;41.35;40.15;42.54
Badajoz;2013;41.6;40.4;42.78
Badajoz;2014;41.91;40.72;43.08
Badajoz;2015;42.2;41.02;43.37
Badajoz;2016;42.5;41.32;43.65
Badajoz;2017;42.81;41.63;43.97
Badajoz;2018;43.09;41.93;44.23
Badajoz;2019;43.4;42.24;44.53
Badajoz;2020;43.69;42.54;44.81
Badajoz;2021;43.94;42.8;45.06
Badajoz;2022;44.24;43.1;45.36
Badajoz;2023;44.52;43.38;45.64
Badajoz;2024;44.82;43.68;45.93
Balears, Illes;1975;34.53;33.23;35.79
Balears, Illes;1976;34.52;33.22;35.79
Balears, Illes;1977;34.55;33.25;35.81
Balears, Illes;1978;34.65;33.37;35.89
Balears, Illes;1979;34.8;33.53;36.03
Balears, Illes;1980;34.97;33.71;36.19
Balears, Illes;1981;35.17;33.95;36.36
Balears, Illes;1982;35.29;34.08;36.47
Balears, Illes;1983;35.43;34.19;36.64
Balears, Illes;1984;35.55;34.29;36.78
Balears, Illes;1985;35.7;34.42;36.95
Balears, Illes;1986;35.84;34.53;37.11
Balears, Illes;1987;35.99;34.68;37.27
Balears, Illes;1988;36.18;34.89;37.44
Balears, Illes;1989;36.4;35.12;37.65
Balears, Illes;1990;36.61;35.34;37.84
Balears, Illes;1991;36.86;35.59;38.09
Balears, Illes;1992;36.96;35.7;38.18
Balears, Illes;1993;37.06;35.8;38.28
Balears, Illes;1994;37.2;35.95;38.42
Balears, Illes;1995;37.38;36.14;38.58
Balears, Illes;1996;37.57;36.35;38.76
Balears, Illes;1997;37.78;36.57;38.96
Balears, Illes;1998;37.97;36.77;39.15
Balears, Illes;1999;38.18;36.99;39.33
Balears, Illes;2000;38.36;37.2;39.51
Balears, Illes;2001;38.56;37.42;39.68
Balears, Illes;2002;38.76;37.65;39.85
Balears, Illes;2003;38.68;37.6;39.75
Balears, Illes;2004;38.73;37.68;39.77
Balears, Illes;2005;38.86;37.82;39.9
Balears, Illes;2006;38.94;37.91;39.97
Balears, Illes;2007;38.99;37.99;40.0
Balears, Illes;2008;39.05;38.06;40.05
Balears, Illes;2009;39.13;38.15;40.13
Balears, Illes;2010;39.35;38.38;40.33
Balears, Illes;2011;39.63;38.67;40.6
Balears, Illes;2012;39.91;38.95;40.89
Balears, Illes;2013;40.16;39.21;41.11
Balears, Illes;2014;40.43;39.49;41.38
Balears, Illes;2015;40.67;39.72;41.61
Balears, Illes;2016;40.88;39.94;41.82
Balears, Illes;2017;41.07;40.14;41.99
Balears, Illes;2018;41.22;40.29;42.13
Balears, Illes;2019;41.35;40.43;42.27
Balears, Illes;2020;41.51;40.58;42.44
Balears, Illes;2021;41.77;40.84;42.69
Balears, Illes;2022;42.08;41.15;43.01
Balears, Illes;2023;42.22;41.29;43.13
Balears, Illes;2024;42.38;41.45;43.31
Barcelona;1975;32.89;31.42;34.28
Barcelona;1976;32.91;31.44;34.31
Barcelona;1977;33.0;31.53;34.41
Barcelona;1978;33.13;31.66;34.53
Barcelona;1979;33.31;31.84;34.71
Barcelona;1980;33.57;32.1;34.98
Barcelona;1981;33.86;32.38;35.27
Barcelona;1982;34.21;32.72;35.63
Barcelona;1983;34.6;33.11;36.03
Barcelona;1984;34.99;33.48;36.42
Barcelona;1985;35.35;33.84;36.79
Barcelona;1986;35.69;34.17;37.13
Barcelona;1987;36.04;34.53;37.49
Barcelona;1988;36.42;34.89;37.87
Barcelona;1989;36.79;35.26;38.24
Barcelona;1990;37.16;35.62;38.62
Barcelona;1991;37.53;35.99;39.0
Barcelona;1992;37.84;36.3;39.31
Barcelona;1993;38.13;36.59;39.6
Barcelona;1994;38.43;36.88;39.9
Barcelona;1995;38.74;37.19;40.21
Barcelona;1996;39.05;37.49;40.52
Barcelona;1997;39.35;37.78;40.83
Barcelona;1998;39.62;38.05;41.11
Barcelona;1999;39.89;38.32;41.39
Barcelona;2000;40.13;38.56;41.62
Barcelona;2001;40.36;38.79;41.84
Barcelona;2002;40.52;38.95;42.0
Barcelona;2003;40.48;38.91;41.98
Barcelona;2004;40.47;38.9;41.97
Barcelona;2005;40.51;38.95;42.02
Barcelona;2006;40.55;38.99;42.06
Barcelona;2007;40.61;39.07;42.11
Barcelona;2008;40.64;39.1;42.14
Barcelona;2009;40.7;39.16;42.19
Barcelona;2010;40.9;39.38;42.38
Barcelona;2011;41.12;39.6;42.59
Barcelona;2012;41.37;39.86;42.82
Barcelona;2013;41.65;40.14;43.09
Barcelona;2014;41.98;40.48;43.42
Barcelona;2015;42.25;40.74;43.69
Barcelona;2016;42.46;40.96;43.89
Barcelona;2017;42.64;41.14;44.06
Barcelona;2018;42.75;41.27;44.17
Barcelona;2019;42.86;41.38;44.27
Barcelona;2020;42.98;41.5;44.39
Barcelona;2021;43.14;41.66;44.55
Barcelona;2022;43.38;41.9;44.79
Barcelona;2023;43.43;41.95;44.84
Barcelona;2024;43.58;42.1;44.98
Burgos;1975;34.32;33.34;35.31
Burgos;1976;34.53;33.54;35.54
Burgos;1977;34.72;33.7;35.75
Burgos;1978;34.95;33.9;36.0
Burgos;1979;35.21;34.11;36.32
Burgos;1980;35.51;34.36;36.67
Burgos;1981;35.82;34.64;37.01
Burgos;1982;36.16;34.96;37.37
Burgos;1983;36.54;35.34;37.76
Burgos;1984;36.89;35.68;38.11
Burgos;1985;37.25;36.04;38.48
Burgos;1986;37.6;36.4;38.82
Burgos;1987;37.94;36.73;39.17
Burgos;1988;38.3;37.09;39.53
Burgos;1989;38.65;37.42;39.89
Burgos;1990;39.01;37.78;40.24
Burgos;1991;39.37;38.14;40.61
Burgos;1992;39.73;38.49;40.97
Burgos;1993;40.07;38.83;41.32
Burgos;1994;40.4;39.14;41.66
Burgos;1995;40.76;39.51;42.02
Burgos;1996;41.13;39.87;42.39
Burgos;1997;41.47;40.21;42.74
Burgos;1998;41.8;40.54;43.07
Burgos;1999;42.14;40.86;43.42
Burgos;2000;42.44;41.16;43.72
Burgos;2001;42.73;41.45;44.01
Burgos;2002;43.0;41.72;44.28
Burgos;2003;43.16;41.87;44.46
Burgos;2004;43.34;42.04;44.64
Burgos;2005;43.48;42.16;44.82
Burgos;2006;43.57;42.26;44.91
Burgos;2007;43.68;42.35;45.03
Burgos;2008;43.64;42.32;45.0
Burgos;2009;43.75;42.45;45.09
Burgos;2010;44.01;42.73;45.32
Burgos;2011;44.31;43.03;45.62
Burgos;2012;44.57;43.29;45.87
Burgos;2013;44.83;43.57;46.12
Burgos;2014;45.16;43.9;46.43
Burgos;2015;45.45;44.19;46.72
Burgos;2016;45.75;44.51;47.0
Burgos;2017;46.05;44.81;47.29
Burgos;2018;46.28;45.06;47.5
Burgos;2019;46.52;45.31;47.72
Burgos;2020;46.69;45.5;47.89
Burgos;2021;46.85;45.65;48.05
Burgos;2022;47.15;45.95;48.36
Burgos;2023;47.24;46.03;48.44
Burgos;2024;47.37;46.16;48.59
Cáceres;1975;34.26;33.01;35.48
Cáceres;1976;34.58;33.29;35.84
Cáceres;1977;34.86;33.53;36.16
Cáceres;1978;35.13;33.78;36.45
Cáceres;1979;35.36;33.96;36.73
Cáceres;1980;35.55;34.12;36.96
Cáceres;1981;35.7;34.2;37.15
Cáceres;1982;35.88;34.37;37.37
Cáceres;1983;36.1;34.58;37.59
Cáceres;1984;36.3;34.76;37.81
Cáceres;1985;36.54;35.0;38.05
Cáceres;1986;36.75;35.21;38.25
Cáceres;1987;36.97;35.45;38.47
Cáceres;1988;37.22;35.7;38.7
Cáceres;1989;37.48;35.98;38.96
Cáceres;1990;37.75;36.25;39.22
Cáceres;1991;38.01;36.53;39.48
Cáceres;1992;38.29;36.81;39.75
Cáceres;1993;38.58;37.1;40.02
Cáceres;1994;38.86;37.39;40.32
Cáceres;1995;39.17;37.69;40.63
Cáceres;1996;39.47;38.0;40.92
Cáceres;1997;39.77;38.32;41.21
Cáceres;1998;40.08;38.63;41.51
Cáceres;1999;40.38;38.93;41.81
Cáceres;2000;40.66;39.22;42.09
Cáceres;2001;40.96;39.53;42.37
Cáceres;2002;41.25;39.85;42.63
Cáceres;2003;41.55;40.16;42.93
Cáceres;2004;41.8;40.44;43.14
Cáceres;2005;42.09;40.74;43.43
Cáceres;2006;42.36;41.01;43.69
Cáceres;2007;42.65;41.31;43.96
Cáceres;2008;42.88;41.55;44.19
Cáceres;2009;43.09;41.77;44.41
Cáceres;2010;43.32;41.98;44.65
Cáceres;2011;43.59;42.26;44.93
Cáceres;2012;43.86;42.52;45.2
Cáceres;2013;44.15;42.81;45.48
Cáceres;2014;44.46;43.14;45.78
Cáceres;2015;44.8;43.49;46.1
Cáceres;2016;45.12;43.81;46.42
Cáceres;2017;45.45;44.15;46.74
Cáceres;2018;45.76;44.45;47.05
Cáceres;2019;46.1;44.81;47.38
Cáceres;2020;46.43;45.14;47.7
Cáceres;2021;46.66;45.39;47.91
Cáceres;2022;46.93;45.67;48.18
Cáceres;2023;47.15;45.9;48.38
Cáceres;2024;47.41;46.18;48.62
Cádiz;1975;29.08;27.93;30.22
Cádiz;1976;29.17;28.02;30.31
Cádiz;1977;29.25;28.09;30.38
Cádiz;1978;29.34;28.19;30.49
Cádiz;1979;29.47;28.31;30.61
Cádiz;1980;29.63;28.47;30.78
Cádiz;1981;29.81;28.64;30.96
Cádiz;1982;29.97;28.8;31.13
Cádiz;1983;30.17;29.0;31.32
Cádiz;1984;30.39;29.23;31.54
Cádiz;1985;30.63;29.48;31.76
Cádiz;1986;30.89;29.76;32.02
Cádiz;1987;31.18;30.04;32.3
Cádiz;1988;31.48;30.36;32.59
Cádiz;1989;31.79;30.69;32.89
Cádiz;1990;32.13;31.03;33.22
Cádiz;1991;32.47;31.37;33.55
Cádiz;1992;32.81;31.7;33.89
Cádiz;1993;33.16;32.06;34.25
Cádiz;1994;33.51;32.41;34.59
Cádiz;1995;33.89;32.79;34.98
Cádiz;1996;34.26;33.17;35.35
Cádiz;1997;34.64;33.54;35.73
Cádiz;1998;35.02;33.92;36.11
Cádiz;1999;35.4;34.3;36.48
Cádiz;2000;35.75;34.65;36.83
Cádiz;2001;36.09;34.98;37.18
Cádiz;2002;36.41;35.3;37.51
Cádiz;2003;36.71;35.6;37.79
Cádiz;2004;36.96;35.86;38.04
Cádiz;2005;37.2;36.1;38.28
Cádiz;2006;37.42;36.33;38.5
Cádiz;2007;37.67;36.6;38.73
Cádiz;2008;37.93;36.88;38.97
Cádiz;2009;38.19;37.16;39.22
Cádiz;2010;38.48;37.46;39.49
Cádiz;2011;38.77;37.76;39.77
Cádiz;2012;39.09;38.1;40.09
Cádiz;2013;39.41;38.41;40.41
Cádiz;2014;39.78;38.77;40.78
Cádiz;2015;40.15;39.13;41.16
Cádiz;2016;40.5;39.47;41.51
Cádiz;2017;40.86;39.82;41.88
Cádiz;2018;41.23;40.18;42.26
Cádiz;2019;41.58;40.51;42.62
Cádiz;2020;41.95;40.86;43.01
Cádiz;2021;42.31;41.21;43.37
Cádiz;2022;42.66;41.57;43.73
Cádiz;2023;43.01;41.91;44.08
Cádiz;2024;43.37;42.27;44.45
Castellón/Castelló;1975;35.69;34.59;36.75
Castellón/Castelló;1976;35.68;34.6;36.74
Castellón/Castelló;1977;35.68;34.59;36.74
Castellón/Castelló;1978;35.71;34.63;36.77
Castellón/Castelló;1979;35.75;34.66;36.8
Castellón/Castelló;1980;35.82;34.72;36.89
Castellón/Castelló;1981;35.93;34.83;37.01
Castellón/Castelló;1982;36.07;34.95;37.15
Castellón/Castelló;1983;36.26;35.13;37.36
Castellón/Castelló;1984;36.45;35.32;37.56
Castellón/Castelló;1985;36.67;35.52;37.79
Castellón/Castelló;1986;36.89;35.73;38.02
Castellón/Castelló;1987;37.14;35.97;38.28
Castellón/Castelló;1988;37.38;36.21;38.53
Castellón/Castelló;1989;37.65;36.48;38.79
Castellón/Castelló;1990;37.93;36.76;39.07
Castellón/Castelló;1991;38.2;37.04;39.34
Castellón/Castelló;1992;38.37;37.2;39.52
Castellón/Castelló;1993;38.56;37.38;39.72
Castellón/Castelló;1994;38.75;37.57;39.9
Castellón/Castelló;1995;38.95;37.78;40.1
Castellón/Castelló;1996;39.15;37.97;40.31
Castellón/Castelló;1997;39.37;38.17;40.54
Castellón/Castelló;1998;39.57;38.38;40.75
Castellón/Castelló;1999;39.78;38.58;40.96
Castellón/Castelló;2000;39.96;38.76;41.14
Castellón/Castelló;2001;40.16;38.97;41.34
Castellón/Castelló;2002;40.28;39.09;41.45
Castellón/Castelló;2003;40.17;39.01;41.32
Castellón/Castelló;2004;40.12;38.98;41.25
Castellón/Castelló;2005;40.1;38.99;41.22
Castellón/Castelló;2006;40.07;38.97;41.18
Castellón/Castelló;2007;39.99;38.91;41.08
Castellón/Castelló;2008;39.93;38.87;41.01
Castellón/Castelló;2009;40.09;39.05;41.15
Castellón/Castelló;2010;40.37;39.35;41.41
Castellón/Castelló;2011;40.72;39.7;41.74
Castellón/Castelló;2012;41.06;40.05;42.08
Castellón/Castelló;2013;41.43;40.4;42.46
Castellón/Castelló;2014;41.81;40.78;42.83
Castellón/Castelló;2015;42.14;41.13;43.15
Castellón/Castelló;2016;42.46;41.44;43.46
Castellón/Castelló;2017;42.76;41.73;43.77
Castellón/Castelló;2018;43.03;41.98;44.06
Castellón/Castelló;2019;43.26;42.19;44.31
Castellón/Castelló;2020;43.48;42.39;44.56
Castellón/Castelló;2021;43.74;42.66;44.82
Castellón/Castelló;2022;43.96;42.87;45.05
Castellón/Castelló;2023;44.01;42.9;45.1
Castellón/Castelló;2024;44.15;43.03;45.25
Ciudad Real;1975;33.77;32.45;35.02
Ciudad Real;1976;34.03;32.69;35.3
Ciudad Real;1977;34.29;32.92;35.59
Ciudad Real;1978;34.53;33.15;35.85
Ciudad Real;1979;34.75;33.34;36.1
Ciudad Real;1980;34.98;33.54;36.34
Ciudad Real;1981;35.19;33.72;36.6
Ciudad Real;1982;35.38;33.89;36.8
Ciudad Real;1983;35.61;34.12;37.03
Ciudad Real;1984;35.81;34.32;37.23
Ciudad Real;1985;36.03;34.52;37.47
Ciudad Real;1986;36.26;34.76;37.69
Ciudad Real;1987;36.5;35.0;37.93
Ciudad Real;1988;36.75;35.26;38.18
Ciudad Real;1989;37.0;35.51;38.43
Ciudad Real;1990;37.22;35.76;38.63
Ciudad Real;1991;37.46;36.0;38.86
Ciudad Real;1992;37.65;36.2;39.05
Ciudad Real;1993;37.87;36.42;39.27
Ciudad Real;1994;38.08;36.62;39.48
Ciudad Real;1995;38.31;36.85;39.71
Ciudad Real;1996;38.55;37.09;39.96
Ciudad Real;1997;38.82;37.35;40.24
Ciudad Real;1998;39.11;37.64;40.52
Ciudad Real;1999;39.38;37.91;40.8
Ciudad Real;2000;39.65;38.19;41.05
Ciudad Real;2001;39.94;38.49;41.35
Ciudad Real;2002;40.21;38.75;41.62
Ciudad Real;2003;40.38;38.92;41.8
Ciudad Real;2004;40.53;39.07;41.94
Ciudad Real;2005;40.66;39.2;42.08
Ciudad Real;2006;40.71;39.29;42.11
Ciudad Real;2007;40.77;39.35;42.17
Ciudad Real;2008;40.77;39.36;42.17
Ciudad Real;2009;40.9;39.52;42.28
Ciudad Real;2010;41.12;39.76;42.48
Ciudad Real;2011;41.4;40.04;42.74
Ciudad Real;2012;41.64;40.3;42.96
Ciudad Real;2013;41.9;40.58;43.2
Ciudad Real;2014;42.23;40.91;43.53
Ciudad Real;2015;42.56;41.25;43.87
Ciudad Real;2016;42.87;41.57;44.15
Ciudad Real;2017;43.2;41.89;44.5
Ciudad Real;2018;43.52;42.18;44.84
Ciudad Real;2019;43.86;42.52;45.17
Ciudad Real;2020;44.11;42.76;45.43
Ciudad Real;2021;44.25;42.91;45.57
Ciudad Real;2022;44.53;43.17;45.86
Ciudad Real;2023;44.75;43.38;46.1
Ciudad Real;2024;44.99;43.64;46.32
Córdoba;1975;32.48;31.09;33.8
Córdoba;1976;32.69;31.29;34.03
Córdoba;1977;32.87;31.45;34.23
Córdoba;1978;33.07;31.64;34.44
Córdoba;1979;33.26;31.81;34.63
Córdoba;1980;33.45;31.99;34.85
Córdoba;1981;33.63;32.17;35.03
Córdoba;1982;33.8;32.34;35.19
Córdoba;1983;33.99;32.53;35.39
Córdoba;1984;34.2;32.75;35.59
Córdoba;1985;34.41;32.95;35.8
Córdoba;1986;34.63;33.17;36.03
Córdoba;1987;34.85;33.39;36.25
Córdoba;1988;35.1;33.64;36.5
Córdoba;1989;35.34;33.88;36.74
Córdoba;1990;35.58;34.12;36.98
Córdoba;1991;35.83;34.36;37.22
Córdoba;1992;36.06;34.6;37.46
Córdoba;1993;36.31;34.85;37.71
Córdoba;1994;36.56;35.1;37.95
Córdoba;1995;36.83;35.37;38.23
Córdoba;1996;37.13;35.67;38.52
Córdoba;1997;37.44;35.97;38.84
Córdoba;1998;37.74;36.28;39.14
Córdoba;1999;38.02;36.54;39.43
Córdoba;2000;38.31;36.83;39.72
Córdoba;2001;38.6;37.12;40.01
Córdoba;2002;38.87;37.4;40.27
Córdoba;2003;39.11;37.64;40.51
Córdoba;2004;39.32;37.85;40.73
Córdoba;2005;39.55;38.07;40.97
Córdoba;2006;39.75;38.28;41.17
Córdoba;2007;39.96;38.48;41.39
Córdoba;2008;40.14;38.66;41.57
Córdoba;2009;40.34;38.86;41.77
Córdoba;2010;40.6;39.13;42.03
Córdoba;2011;40.89;39.41;42.31
Córdoba;2012;41.16;39.69;42.59
Córdoba;2013;41.45;39.97;42.88
Córdoba;2014;41.77;40.27;43.21
Córdoba;2015;42.08;40.58;43.52
Córdoba;2016;42.36;40.87;43.8
Córdoba;2017;42.66;41.17;44.11
Córdoba;2018;42.96;41.47;44.4
Córdoba;2019;43.27;41.79;44.7
Córdoba;2020;43.56;42.09;44.96
Córdoba;2021;43.85;42.41;45.24
Córdoba;2022;44.14;42.7;45.51
Córdoba;2023;44.37;42.96;45.73
Córdoba;2024;44.65;43.26;45.99
Coruña, A;1975;34.41;32.56;36.13
Coruña, A;1976;34.53;32.67;36.25
Coruña, A;1977;34.63;32.78;36.35
Coruña, A;1978;34.75;32.87;36.49
Coruña, A;1979;34.87;32.99;36.61
Coruña, A;1980;35.04;33.15;36.79
Coruña, A;1981;35.24;33.35;37.0
Coruña, A;1982;35.44;33.55;37.21
Coruña, A;1983;35.69;33.8;37.46
Coruña, A;1984;35.97;34.11;37.72
Coruña, A;1985;36.27;34.42;38.0
Coruña, A;1986;36.59;34.76;38.3
Coruña, A;1987;36.93;35.12;38.62
Coruña, A;1988;37.27;35.47;38.95
Coruña, A;1989;37.63;35.85;39.29
Coruña, A;1990;38.0;36.23;39.65
Coruña, A;1991;38.37;36.63;39.99
Coruña, A;1992;38.74;37.01;40.35
Coruña, A;1993;39.11;37.38;40.71
Coruña, A;1994;39.47;37.75;41.06
Coruña, A;1995;39.85;38.14;41.44
Coruña, A;1996;40.24;38.53;41.82
Coruña, A;1997;40.62;38.92;42.2
Coruña, A;1998;41.01;39.31;42.59
Coruña, A;1999;41.4;39.69;42.97
Coruña, A;2000;41.76;40.07;43.32
Coruña, A;2001;42.13;40.43;43.69
Coruña, A;2002;42.49;40.8;44.04
Coruña, A;2003;42.8;41.11;44.36
Coruña, A;2004;43.08;41.4;44.64
Coruña, A;2005;43.37;41.68;44.92
Coruña, A;2006;43.62;41.94;45.17
Coruña, A;2007;43.87;42.2;45.41
Coruña, A;2008;44.07;42.41;45.62
Coruña, A;2009;44.28;42.61;45.82
Coruña, A;2010;44.51;42.86;46.04
Coruña, A;2011;44.76;43.12;46.28
Coruña, A;2012;45.02;43.37;46.55
Coruña, A;2013;45.31;43.66;46.84
Coruña, A;2014;45.61;43.95;47.14
Coruña, A;2015;45.91;44.26;47.45
Coruña, A;2016;46.2;44.53;47.74
Coruña, A;2017;46.46;44.79;48.0
Coruña, A;2018;46.7;45.04;48.24
Coruña, A;2019;46.92;45.25;48.46
Coruña, A;2020;47.18;45.51;48.72
Coruña, A;2021;47.46;45.79;48.99
Coruña, A;2022;47.71;46.04;49.25
Coruña, A;2023;47.84;46.19;49.36
Coruña, A;2024;48.03;46.38;49.55
Cuenca;1975;36.35;35.62;37.06
Cuenca;1976;36.7;35.92;37.47
Cuenca;1977;37.02;36.19;37.83
Cuenca;1978;37.33;36.45;38.2
Cuenca;1979;37.62;36.73;38.51
Cuenca;1980;37.9;36.95;38.85
Cuenca;1981;38.15;37.16;39.13
Cuenca;1982;38.38;37.36;39.38
Cuenca;1983;38.63;37.59;39.66
Cuenca;1984;38.87;37.81;39.92
Cuenca;1985;39.12;38.03;40.2
Cuenca;1986;39.35;38.26;40.43
Cuenca;1987;39.61;38.51;40.71
Cuenca;1988;39.9;38.78;41.01
Cuenca;1989;40.2;39.08;41.31
Cuenca;1990;40.46;39.34;41.57
Cuenca;1991;40.75;39.63;41.86
Cuenca;1992;40.98;39.85;42.11
Cuenca;1993;41.22;40.07;42.38
Cuenca;1994;41.49;40.3;42.66
Cuenca;1995;41.74;40.53;42.94
Cuenca;1996;42.01;40.79;43.22
Cuenca;1997;42.28;41.05;43.51
Cuenca;1998;42.56;41.32;43.8
Cuenca;1999;42.86;41.62;44.09
Cuenca;2000;43.1;41.83;44.36
Cuenca;2001;43.35;42.07;44.63
Cuenca;2002;43.55;42.24;44.85
Cuenca;2003;43.63;42.32;44.95
Cuenca;2004;43.69;42.43;44.96
Cuenca;2005;43.71;42.45;44.99
Cuenca;2006;43.75;42.52;45.0
Cuenca;2007;43.74;42.5;45.0
Cuenca;2008;43.58;42.34;44.85
Cuenca;2009;43.58;42.36;44.84
Cuenca;2010;43.72;42.54;44.94
Cuenca;2011;43.91;42.76;45.08
Cuenca;2012;44.11;42.99;45.26
Cuenca;2013;44.36;43.25;45.49
Cuenca;2014;44.67;43.6;45.78
Cuenca;2015;44.97;43.92;46.05
Cuenca;2016;45.24;44.21;46.3
Cuenca;2017;45.49;44.45;46.55
Cuenca;2018;45.7;44.68;46.74
Cuenca;2019;45.93;44.91;46.95
Cuenca;2020;46.05;45.02;47.09
Cuenca;2021;46.11;45.1;47.14
Cuenca;2022;46.27;45.26;47.29
Cuenca;2023;46.32;45.26;47.39
Cuenca;2024;46.44;45.41;47.5
Girona;1975;35.29;34.18;36.37
Girona;1976;35.28;34.16;36.37
Girona;1977;35.28;34.16;36.38
Girona;1978;35.32;34.18;36.44
Girona;1979;35.37;34.23;36.49
Girona;1980;35.49;34.36;36.6
Girona;1981;35.65;34.55;36.74
Girona;1982;35.78;34.66;36.88
Girona;1983;35.97;34.84;37.08
Girona;1984;36.17;35.03;37.29
Girona;1985;36.4;35.26;37.53
Girona;1986;36.62;35.47;37.75
Girona;1987;36.89;35.75;38.02
Girona;1988;37.16;36.02;38.29
Girona;1989;37.42;36.28;38.55
Girona;1990;37.7;36.57;38.82
Girona;1991;37.96;36.83;39.08
Girona;1992;38.18;37.05;39.29
Girona;1993;38.39;37.27;39.49
Girona;1994;38.62;37.49;39.74
Girona;1995;38.87;37.73;39.99
Girona;1996;39.13;37.99;40.26
Girona;1997;39.39;38.26;40.51
Girona;1998;39.64;38.51;40.76
Girona;1999;39.9;38.77;41.02
Girona;2000;40.15;39.03;41.26
Girona;2001;40.38;39.25;41.5
Girona;2002;40.59;39.45;41.72
Girona;2003;40.48;39.33;41.62
Girona;2004;40.34;39.2;41.48
Girona;2005;40.24;39.09;41.4
Girona;2006;40.17;39.04;41.33
Girona;2007;40.09;38.98;41.24
Girona;2008;40.02;38.91;41.16
Girona;2009;40.02;38.94;41.15
Girona;2010;40.18;39.11;41.27
Girona;2011;40.37;39.31;41.45
Girona;2012;40.62;39.56;41.69
Girona;2013;40.86;39.81;41.93
Girona;2014;41.18;40.14;42.23
Girona;2015;41.46;40.42;42.51
Girona;2016;41.66;40.62;42.7
Girona;2017;41.88;40.83;42.93
Girona;2018;42.02;40.98;43.06
Girona;2019;42.14;41.1;43.19
Girona;2020;42.27;41.21;43.32
Girona;2021;42.47;41.44;43.51
Girona;2022;42.73;41.69;43.76
Girona;2023;42.77;41.73;43.8
Girona;2024;42.92;41.85;43.99
Granada;1975;31.71;30.51;32.88
Granada;1976;31.91;30.69;33.09
Granada;1977;32.1;30.86;33.29
Granada;1978;32.29;31.03;33.5
Granada;1979;32.49;31.2;33.73
Granada;1980;32.7;31.4;33.95
Granada;1981;32.9;31.58;34.18
Granada;1982;33.09;31.78;34.35
Granada;1983;33.3;32.0;34.55
Granada;1984;33.52;32.22;34.78
Granada;1985;33.75;32.45;35.0
Granada;1986;33.99;32.69;35.23
Granada;1987;34.23;32.95;35.47
Granada;1988;34.49;33.21;35.72
Granada;1989;34.76;33.49;35.98
Granada;1990;35.04;33.77;36.26
Granada;1991;35.3;34.04;36.52
Granada;1992;35.58;34.31;36.79
Granada;1993;35.83;34.57;37.05
Granada;1994;36.09;34.84;37.3
Granada;1995;36.38;35.13;37.58
Granada;1996;36.67;35.42;37.87
Granada;1997;36.95;35.7;38.15
Granada;1998;37.25;36.0;38.44
Granada;1999;37.53;36.28;38.72
Granada;2000;37.8;36.56;38.99
Granada;2001;38.08;36.83;39.27
Granada;2002;38.34;37.1;39.53
Granada;2003;38.56;37.31;39.76
Granada;2004;38.76;37.52;39.96
Granada;2005;38.92;37.68;40.13
Granada;2006;39.05;37.8;40.26
Granada;2007;39.21;37.97;40.43
Granada;2008;39.32;38.08;40.54
Granada;2009;39.49;38.25;40.72
Granada;2010;39.74;38.48;40.97
Granada;2011;40.0;38.75;41.23
Granada;2012;40.28;39.02;41.52
Granada;2013;40.56;39.3;41.8
Granada;2014;40.9;39.64;42.14
Granada;2015;41.23;39.97;42.46
Granada;2016;41.51;40.26;42.73
Granada;2017;41.8;40.55;43.03
Granada;2018;42.09;40.84;43.31
Granada;2019;42.38;41.14;43.59
Granada;2020;42.64;41.41;43.84
Granada;2021;42.88;41.67;44.05
Granada;2022;43.16;41.96;44.34
Granada;2023;43.39;42.19;44.55
Granada;2024;43.65;42.46;44.8
Guadalajara;1975;37.09;36.44;37.76
Guadalajara;1976;37.22;36.55;37.91
Guadalajara;1977;37.32;36.62;38.03
Guadalajara;1978;37.39;36.67;38.13
Guadalajara;1979;37.47;36.71;38.25
Guadalajara;1980;37.52;36.75;38.31
Guadalajara;1981;37.54;36.72;38.38
Guadalajara;1982;37.73;36.87;38.62
Guadalajara;1983;38.0;37.12;38.9
Guadalajara;1984;38.19;37.32;39.09
Guadalajara;1985;38.44;37.53;39.37
Guadalajara;1986;38.66;37.73;39.62
Guadalajara;1987;38.91;37.97;39.89
Guadalajara;1988;39.17;38.2;40.16
Guadalajara;1989;39.41;38.43;40.42
Guadalajara;1990;39.7;38.71;40.72
Guadalajara;1991;39.98;38.96;41.03
Guadalajara;1992;40.08;39.05;41.14
Guadalajara;1993;40.15;39.14;41.18
Guadalajara;1994;40.23;39.22;41.26
Guadalajara;1995;40.34;39.34;41.37
Guadalajara;1996;40.46;39.47;41.47
Guadalajara;1997;40.58;39.59;41.59
Guadalajara;1998;40.7;39.72;41.72
Guadalajara;1999;40.82;39.86;41.8
Guadalajara;2000;40.94;39.96;41.93
Guadalajara;2001;41.03;40.07;42.02
Guadalajara;2002;41.06;40.13;42.01
Guadalajara;2003;40.89;39.96;41.84
Guadalajara;2004;40.61;39.74;41.5
Guadalajara;2005;40.36;39.52;41.24
Guadalajara;2006;40.1;39.29;40.94
Guadalajara;2007;39.79;39.01;40.61
Guadalajara;2008;39.46;38.71;40.24
Guadalajara;2009;39.35;38.62;40.12
Guadalajara;2010;39.42;38.71;40.17
Guadalajara;2011;39.55;38.86;40.28
Guadalajara;2012;39.69;39.01;40.41
Guadalajara;2013;39.92;39.28;40.59
Guadalajara;2014;40.27;39.61;40.95
Guadalajara;2015;40.64;39.98;41.33
Guadalajara;2016;40.88;40.23;41.55
Guadalajara;2017;41.12;40.47;41.79
Guadalajara;2018;41.36;40.69;42.04
Guadalajara;2019;41.55;40.88;42.23
Guadalajara;2020;41.74;41.07;42.44
Guadalajara;2021;41.88;41.19;42.6
Guadalajara;2022;42.16;41.42;42.92
Guadalajara;2023;42.29;41.57;43.02
Guadalajara;2024;42.5;41.77;43.24
Gipuzkoa;1975;31.55;30.44;32.65
Gipuzkoa;1976;31.7;30.56;32.83
Gipuzkoa;1977;31.84;30.68;32.98
Gipuzkoa;1978;32.03;30.85;33.2
Gipuzkoa;1979;32.31;31.1;33.5
Gipuzkoa;1980;32.66;31.42;33.87
Gipuzkoa;1981;33.01;31.76;34.24
Gipuzkoa;1982;33.42;32.15;34.66
Gipuzkoa;1983;33.83;32.53;35.1
Gipuzkoa;1984;34.25;32.93;35.54
Gipuzkoa;1985;34.7;33.35;36.01
Gipuzkoa;1986;35.15;33.79;36.48
Gipuzkoa;1987;35.59;34.21;36.93
Gipuzkoa;1988;36.06;34.66;37.42
Gipuzkoa;1989;36.51;35.11;37.88
Gipuzkoa;1990;36.98;35.57;38.36
Gipuzkoa;1991;37.47;36.06;38.84
Gipuzkoa;1992;37.91;36.48;39.3
Gipuzkoa;1993;38.33;36.89;39.73
Gipuzkoa;1994;38.75;37.31;40.15
Gipuzkoa;1995;39.18;37.71;40.59
Gipuzkoa;1996;39.58;38.11;41.01
Gipuzkoa;1997;39.97;38.49;41.39
Gipuzkoa;1998;40.34;38.84;41.78
Gipuzkoa;1999;40.7;39.19;42.15
Gipuzkoa;2000;41.03;39.52;42.49
Gipuzkoa;2001;41.37;39.83;42.84
Gipuzkoa;2002;41.68;40.13;43.17
Gipuzkoa;2003;41.9;40.35;43.4
Gipuzkoa;2004;42.08;40.52;43.59
Gipuzkoa;2005;42.29;40.72;43.8
Gipuzkoa;2006;42.47;40.89;43.99
Gipuzkoa;2007;42.64;41.06;44.17
Gipuzkoa;2008;42.78;41.2;44.31
Gipuzkoa;2009;42.93;41.35;44.47
Gipuzkoa;2010;43.13;41.55;44.66
Gipuzkoa;2011;43.35;41.79;44.84
Gipuzkoa;2012;43.56;42.03;45.03
Gipuzkoa;2013;43.77;42.23;45.24
Gipuzkoa;2014;44.03;42.49;45.5
Gipuzkoa;2015;44.24;42.7;45.72
Gipuzkoa;2016;44.43;42.9;45.89
Gipuzkoa;2017;44.64;43.12;46.09
Gipuzkoa;2018;44.83;43.31;46.27
Gipuzkoa;2019;44.99;43.47;46.44
Gipuzkoa;2020;45.17;43.67;46.6
Gipuzkoa;2021;45.38;43.9;46.78
Gipuzkoa;2022;45.63;44.15;47.05
Gipuzkoa;2023;45.77;44.29;47.18
Gipuzkoa;2024;45.94;44.47;47.35
Huelva;1975;33.15;31.71;34.54
Huelva;1976;33.21;31.73;34.64
Huelva;1977;33.23;31.73;34.68
Huelva;1978;33.3;31.79;34.75
Huelva;1979;33.33;31.8;34.81
Huelva;1980;33.39;31.84;34.89
Huelva;1981;33.45;31.86;34.99
Huelva;1982;33.51;31.93;35.03
Huelva;1983;33.6;32.06;35.1
Huelva;1984;33.73;32.2;35.21
Huelva;1985;33.89;32.38;35.35
Huelva;1986;34.05;32.57;35.49
Huelva;1987;34.25;32.8;35.67
Huelva;1988;34.46;33.03;35.85
Huelva;1989;34.65;33.24;36.03
Huelva;1990;34.87;33.49;36.2
Huelva;1991;35.08;33.73;36.4
Huelva;1992;35.35;34.0;36.66
Huelva;1993;35.57;34.22;36.89
Huelva;1994;35.81;34.46;37.12
Huelva;1995;36.07;34.73;37.38
Huelva;1996;36.34;35.0;37.64
Huelva;1997;36.61;35.28;37.92
Huelva;1998;36.88;35.54;38.2
Huelva;1999;37.15;35.82;38.45
Huelva;2000;37.39;36.07;38.68
Huelva;2001;37.61;36.32;38.88
Huelva;2002;37.79;36.52;39.04
Huelva;2003;38.01;36.75;39.24
Huelva;2004;38.2;36.96;39.41
Huelva;2005;38.39;37.16;39.61
Huelva;2006;38.51;37.29;39.73
Huelva;2007;38.69;37.49;39.88
Huelva;2008;38.78;37.61;39.92
Huelva;2009;38.94;37.77;40.09
Huelva;2010;39.14;37.98;40.29
Huelva;2011;39.38;38.23;40.51
Huelva;2012;39.64;38.51;40.75
Huelva;2013;39.89;38.77;41.0
Huelva;2014;40.17;39.06;41.27
Huelva;2015;40.46;39.34;41.55
Huelva;2016;40.76;39.64;41.87
Huelva;2017;41.08;39.96;42.19
Huelva;2018;41.38;40.27;42.47
Huelva;2019;41.67;40.56;42.76
Huelva;2020;41.95;40.84;43.05
Huelva;2021;42.27;41.14;43.37
Huelva;2022;42.52;41.38;43.65
Huelva;2023;42.77;41.63;43.89
Huelva;2024;43.09;41.94;44.22
Huesca;1975;37.6;37.02;38.2
Huesca;1976;37.75;37.16;38.36
Huesca;1977;37.92;37.31;38.54
Huesca;1978;38.1;37.47;38.76
Huesca;1979;38.28;37.63;38.94
Huesca;1980;38.45;37.79;39.12
Huesca;1981;38.6;37.93;39.28
Huesca;1982;38.86;38.17;39.56
Huesca;1983;39.16;38.47;39.87
Huesca;1984;39.44;38.73;40.17
Huesca;1985;39.72;38.97;40.49
Huesca;1986;39.99;39.2;40.8
Huesca;1987;40.27;39.47;41.09
Huesca;1988;40.61;39.8;41.43
Huesca;1989;40.92;40.11;41.75
Huesca;1990;41.25;40.42;42.09
Huesca;1991;41.58;40.72;42.45
Huesca;1992;41.85;40.96;42.75
Huesca;1993;42.12;41.2;43.05
Huesca;1994;42.41;41.46;43.38
Huesca;1995;42.66;41.67;43.66
Huesca;1996;42.9;41.85;43.96
Huesca;1997;43.1;42.04;44.18
Huesca;1998;43.33;42.25;44.42
Huesca;1999;43.54;42.42;44.68
Huesca;2000;43.72;42.58;44.87
Huesca;2001;43.93;42.77;45.1
Huesca;2002;44.07;42.9;45.26
Huesca;2003;44.05;42.85;45.29
Huesca;2004;44.05;42.86;45.27
Huesca;2005;44.02;42.81;45.27
Huesca;2006;43.98;42.8;45.2
Huesca;2007;43.96;42.78;45.17
Huesca;2008;43.84;42.69;45.04
Huesca;2009;43.82;42.69;44.99
Huesca;2010;43.97;42.82;45.16
Huesca;2011;44.13;42.99;45.32
Huesca;2012;44.29;43.19;45.44
Huesca;2013;44.45;43.35;45.59
Huesca;2014;44.66;43.57;45.77
Huesca;2015;44.85;43.8;45.93
Huesca;2016;45.01;43.96;46.08
Huesca;2017;45.21;44.13;46.31
Huesca;2018;45.33;44.24;46.45
Huesca;2019;45.44;44.34;46.55
Huesca;2020;45.5;44.37;46.66
Huesca;2021;45.56;44.43;46.72
Huesca;2022;45.72;44.57;46.9
Huesca;2023;45.73;44.61;46.88
Huesca;2024;45.84;44.7;47.01
Jaén;1975;32.33;31.28;33.35
Jaén;1976;32.59;31.51;33.63
Jaén;1977;32.81;31.71;33.87
Jaén;1978;33.05;31.93;34.14
Jaén;1979;33.26;32.11;34.37
Jaén;1980;33.45;32.28;34.59
Jaén;1981;33.59;32.42;34.74
Jaén;1982;33.78;32.57;34.95
Jaén;1983;34.01;32.8;35.19
Jaén;1984;34.23;33.03;35.41
Jaén;1985;34.45;33.24;35.63
Jaén;1986;34.68;33.47;35.85
Jaén;1987;34.9;33.7;36.08
Jaén;1988;35.15;33.95;36.32
Jaén;1989;35.39;34.18;36.57
Jaén;1990;35.63;34.42;36.81
Jaén;1991;35.86;34.65;37.04
Jaén;1992;36.09;34.87;37.28
Jaén;1993;36.35;35.14;37.53
Jaén;1994;36.57;35.35;37.77
Jaén;1995;36.83;35.59;38.04
Jaén;1996;37.1;35.86;38.32
Jaén;1997;37.39;36.15;38.6
Jaén;1998;37.67;36.43;38.88
Jaén;1999;37.95;36.69;39.17
Jaén;2000;38.19;36.91;39.43
Jaén;2001;38.47;37.2;39.71
Jaén;2002;38.75;37.48;40.0
Jaén;2003;39.0;37.71;40.26
Jaén;2004;39.22;37.93;40.47
Jaén;2005;39.43;38.13;40.71
Jaén;2006;39.66;38.35;40.94
Jaén;2007;39.9;38.62;41.16
Jaén;2008;40.09;38.8;41.37
Jaén;2009;40.31;39.02;41.59
Jaén;2010;40.57;39.27;41.86
Jaén;2011;40.85;39.51;42.19
Jaén;2012;41.12;39.77;42.47
Jaén;2013;41.43;40.08;42.77
Jaén;2014;41.78;40.45;43.09
Jaén;2015;42.11;40.79;43.41
Jaén;2016;42.42;41.08;43.73
Jaén;2017;42.74;41.39;44.08
Jaén;2018;43.06;41.71;44.39
Jaén;2019;43.36;42.01;44.7
Jaén;2020;43.68;42.32;45.02
Jaén;2021;43.94;42.59;45.26
Jaén;2022;44.23;42.89;45.55
Jaén;2023;44.52;43.17;45.83
Jaén;2024;44.79;43.47;46.09
León;1975;34.88;33.78;35.95
León;1976;35.26;34.14;36.36
León;1977;35.59;34.43;36.73
León;1978;35.93;34.74;37.1
León;1979;36.26;35.04;37.46
León;1980;36.59;35.34;37.81
León;1981;36.93;35.67;38.17
León;1982;37.16;35.87;38.41
León;1983;37.41;36.12;38.66
León;1984;37.66;36.37;38.92
León;1985;37.94;36.63;39.21
León;1986;38.22;36.89;39.52
León;1987;38.53;37.19;39.84
León;1988;38.88;37.53;40.19
León;1989;39.23;37.87;40.55
León;1990;39.6;38.24;40.93
León;1991;39.96;38.6;41.29
León;1992;40.36;38.98;41.7
León;1993;40.78;39.37;42.13
León;1994;41.2;39.77;42.57
León;1995;41.63;40.19;43.02
León;1996;42.06;40.62;43.45
León;1997;42.49;41.04;43.88
León;1998;42.91;41.45;44.32
León;1999;43.31;41.82;44.74
León;2000;43.71;42.2;45.14
León;2001;44.09;42.57;45.54
León;2002;44.47;42.93;45.94
León;2003;44.78;43.24;46.24
León;2004;45.06;43.52;46.52
León;2005;45.32;43.78;46.79
León;2006;45.54;43.99;47.01
León;2007;45.75;44.2;47.23
León;2008;45.87;44.29;47.37
León;2009;46.04;44.48;47.54
León;2010;46.3;44.72;47.81
León;2011;46.56;44.99;48.07
León;2012;46.83;45.28;48.33
León;2013;47.11;45.55;48.61
León;2014;47.46;45.88;48.97
León;2015;47.77;46.19;49.28
León;2016;48.08;46.5;49.58
León;2017;48.39;46.8;49.91
León;2018;48.7;47.11;50.21
León;2019;48.97;47.37;50.49
León;2020;49.25;47.64;50.79
León;2021;49.41;47.81;50.93
León;2022;49.68;48.08;51.19
León;2023;49.82;48.22;51.32
León;2024;50.03;48.43;51.55
Lleida;1975;36.24;35.67;36.81
Lleida;1976;36.4;35.8;37.0
Lleida;1977;36.53;35.9;37.16
Lleida;1978;36.68;36.0;37.36
Lleida;1979;36.83;36.13;37.53
Lleida;1980;37.01;36.3;37.73
Lleida;1981;37.26;36.53;37.98
Lleida;1982;37.51;36.74;38.27
Lleida;1983;37.75;36.96;38.55
Lleida;1984;38.01;37.19;38.82
Lleida;1985;38.29;37.44;39.13
Lleida;1986;38.53;37.68;39.39
Lleida;1987;38.82;37.96;39.68
Lleida;1988;39.12;38.25;39.99
Lleida;1989;39.41;38.52;40.3
Lleida;1990;39.69;38.78;40.58
Lleida;1991;39.96;39.03;40.88
Lleida;1992;40.19;39.23;41.14
Lleida;1993;40.39;39.41;41.37
Lleida;1994;40.61;39.6;41.62
Lleida;1995;40.85;39.82;41.88
Lleida;1996;41.1;40.02;42.17
Lleida;1997;41.34;40.25;42.43
Lleida;1998;41.56;40.46;42.66
Lleida;1999;41.78;40.64;42.9
Lleida;2000;41.98;40.83;43.12
Lleida;2001;42.19;41.02;43.34
Lleida;2002;42.33;41.14;43.52
Lleida;2003;42.25;41.03;43.47
Lleida;2004;42.11;40.87;43.36
Lleida;2005;41.92;40.67;43.21
Lleida;2006;41.77;40.54;43.04
Lleida;2007;41.67;40.45;42.93
Lleida;2008;41.5;40.3;42.74
Lleida;2009;41.42;40.27;42.62
Lleida;2010;41.53;40.38;42.73
Lleida;2011;41.68;40.54;42.86
Lleida;2012;41.87;40.75;43.04
Lleida;2013;42.12;41.01;43.27
Lleida;2014;42.42;41.3;43.57
Lleida;2015;42.64;41.52;43.79
Lleida;2016;42.85;41.75;43.98
Lleida;2017;43.07;41.96;44.2
Lleida;2018;43.22;42.13;44.34
Lleida;2019;43.35;42.24;44.5
Lleida;2020;43.45;42.32;44.62
Lleida;2021;43.56;42.44;44.73
Lleida;2022;43.72;42.59;44.89
Lleida;2023;43.76;42.63;44.94
Lleida;2024;43.94;42.8;45.13
Rioja, La;1975;35.12;34.11;36.12
Rioja, La;1976;35.21;34.19;36.22
Rioja, La;1977;35.26;34.23;36.29
Rioja, La;1978;35.36;34.33;36.39
Rioja, La;1979;35.48;34.42;36.52
Rioja, La;1980;35.62;34.54;36.7
Rioja, La;1981;35.79;34.67;36.91
Rioja, La;1982;36.02;34.88;37.16
Rioja, La;1983;36.3;35.15;37.43
Rioja, La;1984;36.61;35.46;37.76
Rioja, La;1985;36.95;35.78;38.1
Rioja, La;1986;37.26;36.09;38.41
Rioja, La;1987;37.62;36.46;38.77
Rioja, La;1988;37.98;36.81;39.14
Rioja, La;1989;38.33;37.16;39.48
Rioja, La;1990;38.7;37.52;39.86
Rioja, La;1991;39.05;37.87;40.2
Rioja, La;1992;39.32;38.13;40.5
Rioja, La;1993;39.59;38.39;40.77
Rioja, La;1994;39.85;38.63;41.05
Rioja, La;1995;40.12;38.9;41.31
Rioja, La;1996;40.38;39.17;41.58
Rioja, La;1997;40.65;39.44;41.84
Rioja, La;1998;40.9;39.7;42.08
Rioja, La;1999;41.15;39.94;42.34
Rioja, La;2000;41.35;40.14;42.56
Rioja, La;2001;41.59;40.36;42.8
Rioja, La;2002;41.76;40.52;42.98
Rioja, La;2003;41.73;40.5;42.97
Rioja, La;2004;41.7;40.46;42.94
Rioja, La;2005;41.67;40.44;42.91
Rioja, La;2006;41.71;40.48;42.95
Rioja, La;2007;41.75;40.52;42.99
Rioja, La;2008;41.66;40.45;42.89
Rioja, La;2009;41.73;40.54;42.95
Rioja, La;2010;41.98;40.81;43.17
Rioja, La;2011;42.18;41.02;43.34
Rioja, La;2012;42.44;41.29;43.59
Rioja, La;2013;42.74;41.59;43.88
Rioja, La;2014;43.12;41.97;44.26
Rioja, La;2015;43.46;42.32;44.57
Rioja, La;2016;43.72;42.57;44.85
Rioja, La;2017;44.0;42.83;45.15
Rioja, La;2018;44.24;43.07;45.39
Rioja, La;2019;44.44;43.26;45.59
Rioja, La;2020;44.57;43.41;45.71
Rioja, La;2021;44.73;43.56;45.87
Rioja, La;2022;44.94;43.78;46.08
Rioja, La;2023;45.07;43.9;46.2
Rioja, La;2024;45.28;44.1;46.42
Lugo;1975;38.78;37.72;39.81
Lugo;1976;39.04;37.94;40.1
Lugo;1977;39.29;38.18;40.37
Lugo;1978;39.53;38.37;40.66
Lugo;1979;39.77;38.58;40.94
Lugo;1980;40.0;38.77;41.18
Lugo;1981;40.24;38.98;41.45
Lugo;1982;40.44;39.16;41.67
Lugo;1983;40.67;39.39;41.92
Lugo;1984;40.9;39.62;42.14
Lugo;1985;41.16;39.87;42.4
Lugo;1986;41.41;40.12;42.65
Lugo;1987;41.67;40.39;42.92
Lugo;1988;41.97;40.67;43.23
Lugo;1989;42.29;40.98;43.54
Lugo;1990;42.58;41.27;43.84
Lugo;1991;42.89;41.58;44.15
Lugo;1992;43.18;41.86;44.45
Lugo;1993;43.48;42.14;44.76
Lugo;1994;43.8;42.44;45.09
Lugo;1995;44.14;42.78;45.44
Lugo;1996;44.46;43.09;45.76
Lugo;1997;44.8;43.42;46.11
Lugo;1998;45.13;43.74;46.45
Lugo;1999;45.46;44.04;46.8
Lugo;2000;45.77;44.34;47.11
Lugo;2001;46.07;44.64;47.42
Lugo;2002;46.36;44.91;47.72
Lugo;2003;46.66;45.18;48.04
Lugo;2004;46.9;45.42;48.3
Lugo;2005;47.17;45.68;48.58
Lugo;2006;47.41;45.91;48.82
Lugo;2007;47.64;46.13;49.06
Lugo;2008;47.77;46.25;49.21
Lugo;2009;47.92;46.39;49.37
Lugo;2010;48.11;46.59;49.55
Lugo;2011;48.32;46.8;49.76
Lugo;2012;48.54;47.02;49.98
Lugo;2013;48.75;47.23;50.19
Lugo;2014;48.98;47.48;50.39
Lugo;2015;49.22;47.73;50.63
Lugo;2016;49.41;47.91;50.81
Lugo;2017;49.58;48.1;50.98
Lugo;2018;49.72;48.26;51.1
Lugo;2019;49.89;48.45;51.25
Lugo;2020;50.07;48.62;51.44
Lugo;2021;50.25;48.82;51.6
Lugo;2022;50.45;49.02;51.79
Lugo;2023;50.48;49.04;51.83
Lugo;2024;50.5;49.07;51.83
Madrid;1975;31.48;29.93;32.91
Madrid;1976;31.55;30.0;32.99
Madrid;1977;31.63;30.08;33.06
Madrid;1978;31.77;30.22;33.2
Madrid;1979;31.96;30.41;33.4
Madrid;1980;32.22;30.68;33.65
Madrid;1981;32.54;31.01;33.97
Madrid;1982;32.8;31.26;34.24
Madrid;1983;33.1;31.55;34.54
Madrid;1984;33.42;31.86;34.87
Madrid;1985;33.75;32.18;35.21
Madrid;1986;34.08;32.51;35.55
Madrid;1987;34.45;32.88;35.92
Madrid;1988;34.82;33.25;36.3
Madrid;1989;35.21;33.62;36.68
Madrid;1990;35.6;34.01;37.08
Madrid;1991;36.01;34.41;37.49
Madrid;1992;36.3;34.71;37.77
Madrid;1993;36.57;34.98;38.04
Madrid;1994;36.85;35.27;38.32
Madrid;1995;37.15;35.57;38.61
Madrid;1996;37.45;35.87;38.92
Madrid;1997;37.75;36.18;39.21
Madrid;1998;38.05;36.49;39.5
Madrid;1999;38.34;36.78;39.79
Madrid;2000;38.6;37.05;40.05
Madrid;2001;38.85;37.3;40.29
Madrid;2002;39.02;37.47;40.45
Madrid;2003;39.0;37.46;40.44
Madrid;2004;39.05;37.51;40.49
Madrid;2005;39.19;37.65;40.64
Madrid;2006;39.34;37.8;40.79
Madrid;2007;39.44;37.91;40.88
Madrid;2008;39.51;37.99;40.94
Madrid;2009;39.66;38.14;41.08
Madrid;2010;39.9;38.39;41.32
Madrid;2011;40.21;38.7;41.62
Madrid;2012;40.5;39.0;41.9
Madrid;2013;40.83;39.32;42.22
Madrid;2014;41.21;39.69;42.61
Madrid;2015;41.51;39.99;42.92
Madrid;2016;41.75;40.23;43.17
Madrid;2017;41.99;40.46;43.4
Madrid;2018;42.18;40.66;43.59
Madrid;2019;42.37;40.85;43.76
Madrid;2020;42.53;41.02;43.93
Madrid;2021;42.72;41.2;44.12
Madrid;2022;43.02;41.48;44.43
Madrid;2023;43.09;41.57;44.49
Madrid;2024;43.25;41.74;44.65
Málaga;1975;31.01;29.8;32.19
Málaga;1976;31.11;29.9;32.3
Málaga;1977;31.23;30.0;32.43
Málaga;1978;31.38;30.14;32.58
Málaga;1979;31.53;30.27;32.76
Málaga;1980;31.71;30.43;32.95
Málaga;1981;31.9;30.61;33.15
Málaga;1982;32.06;30.79;33.29
Málaga;1983;32.25;30.98;33.47
Málaga;1984;32.45;31.21;33.66
Málaga;1985;32.68;31.44;33.88
Málaga;1986;32.92;31.68;34.11
Málaga;1987;33.19;31.96;34.37
Málaga;1988;33.45;32.24;34.63
Málaga;1989;33.74;32.53;34.91
Málaga;1990;34.04;32.85;35.2
Málaga;1991;34.31;33.12;35.45
Málaga;1992;34.6;33.42;35.74
Málaga;1993;34.92;33.74;36.05
Málaga;1994;35.23;34.06;36.37
Málaga;1995;35.57;34.41;36.69
Málaga;1996;35.92;34.76;37.03
Málaga;1997;36.25;35.1;37.36
Málaga;1998;36.59;35.45;37.69
Málaga;1999;36.92;35.79;38.02
Málaga;2000;37.24;36.1;38.33
Málaga;2001;37.54;36.41;38.62
Málaga;2002;37.89;36.78;38.96
Málaga;2003;38.1;37.0;39.16
Málaga;2004;38.26;37.17;39.31
Málaga;2005;38.44;37.38;39.48
Málaga;2006;38.59;37.55;39.62
Málaga;2007;38.75;37.72;39.77
Málaga;2008;38.9;37.89;39.9
Málaga;2009;39.12;38.11;40.1
Málaga;2010;39.42;38.43;40.4
Málaga;2011;39.74;38.74;40.71
Málaga;2012;40.05;39.06;41.01
Málaga;2013;40.34;39.36;41.3
Málaga;2014;40.67;39.7;41.62
Málaga;2015;41.0;40.03;41.94
Málaga;2016;41.28;40.31;42.22
Málaga;2017;41.55;40.57;42.5
Málaga;2018;41.76;40.78;42.71
Málaga;2019;41.98;40.99;42.94
Málaga;2020;42.25;41.24;43.21
Málaga;2021;42.55;41.55;43.52
Málaga;2022;42.87;41.86;43.85
Málaga;2023;43.03;42.02;44.0
Málaga;2024;43.26;42.23;44.24
Murcia;1975;31.62;30.45;32.74
Murcia;1976;31.7;30.51;32.84
Murcia;1977;31.76;30.56;32.92
Murcia;1978;31.86;30.64;33.03
Murcia;1979;31.95;30.72;33.14
Murcia;1980;32.08;30.82;33.3
Murcia;1981;32.27;30.97;33.52
Murcia;1982;32.4;31.1;33.66
Murcia;1983;32.56;31.27;33.8
Murcia;1984;32.75;31.46;34.0
Murcia;1985;32.97;31.7;34.21
Murcia;1986;33.2;31.94;34.42
Murcia;1987;33.46;32.2;34.68
Murcia;1988;33.74;32.49;34.94
Murcia;1989;34.02;32.78;35.22
Murcia;1990;34.29;33.05;35.49
Murcia;1991;34.57;33.34;35.77
Murcia;1992;34.77;33.55;35.96
Murcia;1993;34.97;33.73;36.17
Murcia;1994;35.18;33.93;36.4
Murcia;1995;35.43;34.18;36.66
Murcia;1996;35.69;34.44;36.92
Murcia;1997;35.96;34.71;37.2
Murcia;1998;36.22;34.97;37.46
Murcia;1999;36.48;35.23;37.72
Murcia;2000;36.73;35.49;37.96
Murcia;2001;36.97;35.75;38.2
Murcia;2002;37.16;35.94;38.38
Murcia;2003;37.2;35.98;38.41
Murcia;2004;37.26;36.07;38.46
Murcia;2005;37.38;36.19;38.59
Murcia;2006;37.48;36.31;38.69
Murcia;2007;37.6;36.46;38.78
Murcia;2008;37.7;36.58;38.84
Murcia;2009;37.84;36.76;38.96
Murcia;2010;38.09;37.02;39.19
Murcia;2011;38.41;37.35;39.49
Murcia;2012;38.75;37.7;39.81
Murcia;2013;39.03;37.99;40.09
Murcia;2014;39.35;38.31;40.39
Murcia;2015;39.63;38.6;40.67
Murcia;2016;39.88;38.87;40.91
Murcia;2017;40.13;39.12;41.16
Murcia;2018;40.3;39.27;41.34
Murcia;2019;40.51;39.47;41.56
Murcia;2020;40.71;39.66;41.77
Murcia;2021;40.96;39.9;42.03
Murcia;2022;41.18;40.11;42.26
Murcia;2023;41.34;40.27;42.42
Murcia;2024;41.58;40.5;42.66
Navarra;1975;33.61;32.62;34.59
Navarra;1976;33.72;32.72;34.71
Navarra;1977;33.84;32.82;34.85
Navarra;1978;33.99;32.96;35.02
Navarra;1979;34.2;33.14;35.25
Navarra;1980;34.44;33.36;35.52
Navarra;1981;34.71;33.6;35.81
Navarra;1982;34.98;33.86;36.09
Navarra;1983;35.28;34.15;36.4
Navarra;1984;35.6;34.45;36.74
Navarra;1985;35.94;34.77;37.1
Navarra;1986;36.29;35.1;37.47
Navarra;1987;36.66;35.45;37.86
Navarra;1988;37.06;35.83;38.28
Navarra;1989;37.45;36.2;38.68
Navarra;1990;37.83;36.57;39.08
Navarra;1991;38.22;36.96;39.47
Navarra;1992;38.51;37.22;39.78
Navarra;1993;38.81;37.5;40.11
Navarra;1994;39.09;37.75;40.41
Navarra;1995;39.37;38.02;40.7
Navarra;1996;39.65;38.3;40.99
Navarra;1997;39.91;38.56;41.24
Navarra;1998;40.17;38.8;41.51
Navarra;1999;40.41;39.05;41.76
Navarra;2000;40.63;39.26;41.98
Navarra;2001;40.85;39.49;42.2
Navarra;2002;41.0;39.64;42.35
Navarra;2003;41.02;39.67;42.36
Navarra;2004;41.06;39.72;42.39
Navarra;2005;41.16;39.82;42.5
Navarra;2006;41.25;39.92;42.57
Navarra;2007;41.31;40.01;42.6
Navarra;2008;41.28;39.98;42.58
Navarra;2009;41.3;40.02;42.58
Navarra;2010;41.45;40.19;42.71
Navarra;2011;41.65;40.42;42.89
Navarra;2012;41.85;40.65;43.05
Navarra;2013;42.09;40.9;43.28
Navarra;2014;42.38;41.19;43.56
Navarra;2015;42.61;41.43;43.78
Navarra;2016;42.81;41.64;43.97
Navarra;2017;42.97;41.81;44.12
Navarra;2018;43.11;41.95;44.25
Navarra;2019;43.21;42.06;44.33
Navarra;2020;43.35;42.21;44.46
Navarra;2021;43.51;42.38;44.62
Navarra;2022;43.74;42.59;44.86
Navarra;2023;43.85;42.69;44.98
Navarra;2024;44.05;42.88;45.19
Ourense;1975;37.51;36.22;38.74
Ourense;1976;37.75;36.47;38.98
Ourense;1977;37.98;36.69;39.21
Ourense;1978;38.22;36.9;39.48
Ourense;1979;38.42;37.08;39.71
Ourense;1980;38.63;37.28;39.93
Ourense;1981;38.84;37.45;40.16
Ourense;1982;39.2;37.79;40.55
Ourense;1983;39.69;38.26;41.05
Ourense;1984;40.12;38.67;41.49
Ourense;1985;40.55;39.08;41.95
Ourense;1986;40.96;39.45;42.38
Ourense;1987;41.37;39.84;42.82
Ourense;1988;41.81;40.25;43.27
Ourense;1989;42.22;40.63;43.7
Ourense;1990;42.62;41.01;44.12
Ourense;1991;42.98;41.35;44.5
Ourense;1992;43.33;41.69;44.85
Ourense;1993;43.68;42.02;45.21
Ourense;1994;44.01;42.35;45.55
Ourense;1995;44.37;42.69;45.92
Ourense;1996;44.7;43.0;46.27
Ourense;1997;45.04;43.33;46.62
Ourense;1998;45.38;43.64;46.98
Ourense;1999;45.73;43.98;47.33
Ourense;2000;46.05;44.3;47.67
Ourense;2001;46.39;44.63;48.02
Ourense;2002;46.72;44.97;48.33
Ourense;2003;47.02;45.26;48.62
Ourense;2004;47.27;45.53;48.88
Ourense;2005;47.57;45.81;49.19
Ourense;2006;47.81;46.06;49.43
Ourense;2007;48.03;46.3;49.63
Ourense;2008;48.2;46.47;49.8
Ourense;2009;48.35;46.65;49.93
Ourense;2010;48.54;46.85;50.13
Ourense;2011;48.77;47.07;50.35
Ourense;2012;48.99;47.29;50.58
Ourense;2013;49.21;47.52;50.79
Ourense;2014;49.49;47.78;51.09
Ourense;2015;49.78;48.05;51.39
Ourense;2016;50.05;48.32;51.65
Ourense;2017;50.28;48.55;51.88
Ourense;2018;50.49;48.78;52.09
Ourense;2019;50.68;48.97;52.26
Ourense;2020;50.82;49.15;52.38
Ourense;2021;50.96;49.28;52.52
Ourense;2022;51.19;49.48;52.77
Ourense;2023;51.23;49.53;52.8
Ourense;2024;51.33;49.63;52.9
Asturias;1975;34.87;33.4;36.27
Asturias;1976;35.06;33.58;36.46
Asturias;1977;35.23;33.74;36.64
Asturias;1978;35.41;33.92;36.82
Asturias;1979;35.66;34.16;37.08
Asturias;1980;35.9;34.39;37.32
Asturias;1981;36.13;34.65;37.54
Asturias;1982;36.42;34.93;37.83
Asturias;1983;36.75;35.24;38.18
Asturias;1984;37.08;35.56;38.52
Asturias;1985;37.43;35.88;38.88
Asturias;1986;37.76;36.2;39.23
Asturias;1987;38.13;36.54;39.61
Asturias;1988;38.51;36.92;40.01
Asturias;1989;38.92;37.32;40.42
Asturias;1990;39.34;37.73;40.85
Asturias;1991;39.76;38.13;41.28
Asturias;1992;40.14;38.51;41.67
Asturias;1993;40.53;38.89;42.06
Asturias;1994;40.93;39.26;42.47
Asturias;1995;41.35;39.68;42.89
Asturias;1996;41.74;40.06;43.3
Asturias;1997;42.13;40.45;43.69
Asturias;1998;42.53;40.82;44.11
Asturias;1999;42.92;41.2;44.5
Asturias;2000;43.28;41.55;44.88
Asturias;2001;43.65;41.91;45.25
Asturias;2002;44.0;42.24;45.62
Asturias;2003;44.29;42.52;45.92
Asturias;2004;44.56;42.78;46.19
Asturias;2005;44.83;43.05;46.47
Asturias;2006;45.07;43.29;46.71
Asturias;2007;45.31;43.52;46.96
Asturias;2008;45.46;43.66;47.13
Asturias;2009;45.61;43.82;47.27
Asturias;2010;45.82;44.03;47.48
Asturias;2011;46.06;44.27;47.72
Asturias;2012;46.31;44.52;47.97
Asturias;2013;46.58;44.77;48.25
Asturias;2014;46.9;45.09;48.57
Asturias;2015;47.23;45.41;48.89
Asturias;2016;47.51;45.69;49.18
Asturias;2017;47.79;45.98;49.45
Asturias;2018;48.07;46.26;49.72
Asturias;2019;48.33;46.52;49.98
Asturias;2020;48.61;46.81;50.25
Asturias;2021;48.85;47.06;50.48
Asturias;2022;49.16;47.37;50.78
Asturias;2023;49.3;47.54;50.91
Asturias;2024;49.47;47.73;51.06
Palencia;1975;35.2;33.81;36.56
Palencia;1976;35.49;34.1;36.85
Palencia;1977;35.76;34.38;37.11
Palencia;1978;36.01;34.61;37.38
Palencia;1979;36.22;34.81;37.61
Palencia;1980;36.41;34.96;37.82
Palencia;1981;36.57;35.12;38.0
Palencia;1982;36.79;35.32;38.23
Palencia;1983;37.05;35.55;38.52
Palencia;1984;37.32;35.8;38.82
Palencia;1985;37.6;36.06;39.11
Palencia;1986;37.87;36.32;39.39
Palencia;1987;38.17;36.63;39.69
Palencia;1988;38.5;36.97;40.01
Palencia;1989;38.87;37.34;40.39
Palencia;1990;39.24;37.7;40.76
Palencia;1991;39.6;38.06;41.11
Palencia;1992;39.96;38.43;41.47
Palencia;1993;40.32;38.78;41.84
Palencia;1994;40.66;39.13;42.17
Palencia;1995;41.04;39.49;42.56
Palencia;1996;41.4;39.86;42.92
Palencia;1997;41.74;40.19;43.25
Palencia;1998;42.11;40.56;43.62
Palencia;1999;42.48;40.91;44.01
Palencia;2000;42.8;41.25;44.32
Palencia;2001;43.14;41.58;44.66
Palencia;2002;43.49;41.93;45.02
Palencia;2003;43.84;42.25;45.39
Palencia;2004;44.13;42.58;45.65
Palencia;2005;44.43;42.86;45.96
Palencia;2006;44.64;43.1;46.13
Palencia;2007;44.9;43.38;46.39
Palencia;2008;45.12;43.59;46.62
Palencia;2009;45.33;43.81;46.83
Palencia;2010;45.59;44.09;47.06
Palencia;2011;45.88;44.39;47.36
Palencia;2012;46.18;44.71;47.63
Palencia;2013;46.48;45.02;47.91
Palencia;2014;46.78;45.34;48.19
Palencia;2015;47.04;45.63;48.43
Palencia;2016;47.29;45.87;48.7
Palencia;2017;47.56;46.13;48.96
Palencia;2018;47.79;46.36;49.2
Palencia;2019;48.02;46.63;49.4
Palencia;2020;48.27;46.86;49.65
Palencia;2021;48.41;47.02;49.77
Palencia;2022;48.67;47.3;50.02
Palencia;2023;48.82;47.46;50.15
Palencia;2024;48.99;47.62;50.34
Palmas, Las;1975;27.89;27.16;28.63
Palmas, Las;1976;28.06;27.32;28.8
Palmas, Las;1977;28.21;27.48;28.96
Palmas, Las;1978;28.42;27.69;29.17
Palmas, Las;1979;28.64;27.9;29.39
Palmas, Las;1980;28.9;28.16;29.65
Palmas, Las;1981;29.21;28.46;29.97
Palmas, Las;1982;29.47;28.7;30.26
Palmas, Las;1983;29.75;28.96;30.54
Palmas, Las;1984;30.04;29.25;30.84
Palmas, Las;1985;30.37;29.57;31.17
Palmas, Las;1986;30.69;29.9;31.49
Palmas, Las;1987;31.03;30.25;31.83
Palmas, Las;1988;31.37;30.59;32.16
Palmas, Las;1989;31.69;30.9;32.48
Palmas, Las;1990;32.04;31.25;32.84
Palmas, Las;1991;32.44;31.63;33.25
Palmas, Las;1992;32.74;31.93;33.55
Palmas, Las;1993;33.03;32.21;33.84
Palmas, Las;1994;33.33;32.52;34.14
Palmas, Las;1995;33.67;32.85;34.48
Palmas, Las;1996;34.02;33.22;34.83
Palmas, Las;1997;34.37;33.58;35.17
Palmas, Las;1998;34.71;33.93;35.49
Palmas, Las;1999;35.04;34.27;35.83
Palmas, Las;2000;35.35;34.58;36.11
Palmas, Las;2001;35.66;34.9;36.42
Palmas, Las;2002;35.95;35.2;36.7
Palmas, Las;2003;36.18;35.44;36.94
Palmas, Las;2004;36.44;35.71;37.19
Palmas, Las;2005;36.73;36.01;37.47
Palmas, Las;2006;37.03;36.33;37.74
Palmas, Las;2007;37.32;36.65;38.01
Palmas, Las;2008;37.63;36.98;38.3
Palmas, Las;2009;37.98;37.34;38.64
Palmas, Las;2010;38.4;37.77;39.05
Palmas, Las;2011;38.83;38.21;39.45
Palmas, Las;2012;39.24;38.63;39.85
Palmas, Las;2013;39.65;39.02;40.27
Palmas, Las;2014;40.06;39.43;40.69
Palmas, Las;2015;40.47;39.83;41.11
Palmas, Las;2016;40.86;40.21;41.51
Palmas, Las;2017;41.23;40.57;41.87
Palmas, Las;2018;41.56;40.9;42.23
Palmas, Las;2019;41.89;41.21;42.57
Palmas, Las;2020;42.22;41.52;42.91
Palmas, Las;2021;42.62;41.91;43.33
Palmas, Las;2022;43.06;42.33;43.77
Palmas, Las;2023;43.37;42.63;44.11
Palmas, Las;2024;43.67;42.91;44.41
Pontevedra;1975;32.84;30.94;34.59
Pontevedra;1976;32.91;31.02;34.64
Pontevedra;1977;32.94;31.06;34.68
Pontevedra;1978;33.0;31.12;34.74
Pontevedra;1979;33.08;31.2;34.82
Pontevedra;1980;33.2;31.33;34.93
Pontevedra;1981;33.34;31.48;35.07
Pontevedra;1982;33.55;31.67;35.29
Pontevedra;1983;33.81;31.94;35.56
Pontevedra;1984;34.1;32.23;35.83
Pontevedra;1985;34.4;32.55;36.12
Pontevedra;1986;34.72;32.87;36.44
Pontevedra;1987;35.05;33.21;36.76
Pontevedra;1988;35.41;33.57;37.12
Pontevedra;1989;35.76;33.91;37.46
Pontevedra;1990;36.11;34.28;37.8
Pontevedra;1991;36.46;34.64;38.14
Pontevedra;1992;36.82;35.01;38.49
Pontevedra;1993;37.2;35.39;38.87
Pontevedra;1994;37.58;35.77;39.25
Pontevedra;1995;37.96;36.16;39.63
Pontevedra;1996;38.36;36.55;40.02
Pontevedra;1997;38.74;36.95;40.4
Pontevedra;1998;39.13;37.35;40.78
Pontevedra;1999;39.53;37.74;41.18
Pontevedra;2000;39.89;38.11;41.55
Pontevedra;2001;40.25;38.46;41.9
Pontevedra;2002;40.58;38.79;42.23
Pontevedra;2003;40.86;39.08;42.51
Pontevedra;2004;41.14;39.37;42.78
Pontevedra;2005;41.43;39.68;43.06
Pontevedra;2006;41.71;39.96;43.33
Pontevedra;2007;41.98;40.24;43.6
Pontevedra;2008;42.22;40.48;43.84
Pontevedra;2009;42.45;40.72;44.07
Pontevedra;2010;42.71;40.99;44.33
Pontevedra;2011;43.01;41.28;44.63
Pontevedra;2012;43.31;41.59;44.94
Pontevedra;2013;43.62;41.91;45.23
Pontevedra;2014;43.96;42.27;45.56
Pontevedra;2015;44.32;42.61;45.92
Pontevedra;2016;44.66;42.98;46.24
Pontevedra;2017;44.99;43.32;46.57
Pontevedra;2018;45.29;43.61;46.86
Pontevedra;2019;45.6;43.93;47.16
Pontevedra;2020;45.89;44.22;47.45
Pontevedra;2021;46.2;44.55;47.73
Pontevedra;2022;46.51;44.86;48.06
Pontevedra;2023;46.76;45.13;48.28
Pontevedra;2024;47.06;45.45;48.56
Salamanca;1975;35.26;34.2;36.29
Salamanca;1976;35.56;34.48;36.6
Salamanca;1977;35.83;34.72;36.89
Salamanca;1978;36.13;34.97;37.25
Salamanca;1979;36.41;35.22;37.57
Salamanca;1980;36.72;35.48;37.92
Salamanca;1981;37.04;35.76;38.27
Salamanca;1982;37.3;36.03;38.52
Salamanca;1983;37.57;36.26;38.83
Salamanca;1984;37.81;36.48;39.08
Salamanca;1985;38.08;36.73;39.38
Salamanca;1986;38.35;36.97;39.66
Salamanca;1987;38.64;37.26;39.96
Salamanca;1988;38.96;37.57;40.29
Salamanca;1989;39.27;37.87;40.62
Salamanca;1990;39.6;38.18;40.95
Salamanca;1991;39.93;38.51;41.28
Salamanca;1992;40.26;38.83;41.62
Salamanca;1993;40.6;39.17;41.97
Salamanca;1994;40.94;39.5;42.3
Salamanca;1995;41.31;39.85;42.69
Salamanca;1996;41.66;40.21;43.05
Salamanca;1997;42.04;40.57;43.43
Salamanca;1998;42.39;40.91;43.8
Salamanca;1999;42.74;41.25;44.15
Salamanca;2000;43.08;41.56;44.52
Salamanca;2001;43.42;41.88;44.88
Salamanca;2002;43.74;42.21;45.2
Salamanca;2003;43.98;42.45;45.44
Salamanca;2004;44.2;42.65;45.67
Salamanca;2005;44.43;42.89;45.89
Salamanca;2006;44.67;43.12;46.14
Salamanca;2007;44.87;43.32;46.34
Salamanca;2008;45.01;43.45;46.49
Salamanca;2009;45.15;43.6;46.64
Salamanca;2010;45.39;43.84;46.87
Salamanca;2011;45.65;44.1;47.14
Salamanca;2012;45.96;44.41;47.45
Salamanca;2013;46.26;44.71;47.74
Salamanca;2014;46.58;45.06;48.04
Salamanca;2015;46.93;45.42;48.36
Salamanca;2016;47.25;45.75;48.68
Salamanca;2017;47.57;46.06;48.99
Salamanca;2018;47.84;46.37;49.25
Salamanca;2019;48.08;46.64;49.45
Salamanca;2020;48.33;46.9;49.67
Salamanca;2021;48.48;47.05;49.82
Salamanca;2022;48.76;47.31;50.13
Salamanca;2023;48.83;47.36;50.21
Salamanca;2024;49.05;47.61;50.41
Santa Cruz de Tenerife;1975;30.21;29.26;31.14
Santa Cruz de Tenerife;1976;30.31;29.33;31.28
Santa Cruz de Tenerife;1977;30.4;29.4;31.38
Santa Cruz de Tenerife;1978;30.55;29.51;31.57
Santa Cruz de Tenerife;1979;30.7;29.64;31.74
Santa Cruz de Tenerife;1980;30.86;29.75;31.94
Santa Cruz de Tenerife;1981;31.03;29.91;32.13
Santa Cruz de Tenerife;1982;31.23;30.11;32.32
Santa Cruz de Tenerife;1983;31.49;30.38;32.57
Santa Cruz de Tenerife;1984;31.77;30.67;32.85
Santa Cruz de Tenerife;1985;32.06;30.96;33.13
Santa Cruz de Tenerife;1986;32.36;31.27;33.43
Santa Cruz de Tenerife;1987;32.69;31.61;33.75
Santa Cruz de Tenerife;1988;33.03;31.94;34.09
Santa Cruz de Tenerife;1989;33.36;32.3;34.4
Santa Cruz de Tenerife;1990;33.7;32.65;34.71
Santa Cruz de Tenerife;1991;34.04;33.04;35.01
Santa Cruz de Tenerife;1992;34.37;33.36;35.34
Santa Cruz de Tenerife;1993;34.68;33.68;35.67
Santa Cruz de Tenerife;1994;35.02;34.02;36.0
Santa Cruz de Tenerife;1995;35.37;34.36;36.35
Santa Cruz de Tenerife;1996;35.73;34.72;36.72
Santa Cruz de Tenerife;1997;36.08;35.06;37.08
Santa Cruz de Tenerife;1998;36.45;35.43;37.45
Santa Cruz de Tenerife;1999;36.81;35.79;37.81
Santa Cruz de Tenerife;2000;37.15;36.13;38.14
Santa Cruz de Tenerife;2001;37.49;36.48;38.48
Santa Cruz de Tenerife;2002;37.82;36.81;38.8
Santa Cruz de Tenerife;2003;38.04;37.04;39.02
Santa Cruz de Tenerife;2004;38.29;37.32;39.26
Santa Cruz de Tenerife;2005;38.56;37.6;39.51
Santa Cruz de Tenerife;2006;38.82;37.87;39.75
Santa Cruz de Tenerife;2007;39.09;38.16;40.01
Santa Cruz de Tenerife;2008;39.35;38.42;40.27
Santa Cruz de Tenerife;2009;39.64;38.73;40.55
Santa Cruz de Tenerife;2010;40.03;39.13;40.91
Santa Cruz de Tenerife;2011;40.43;39.53;41.32
Santa Cruz de Tenerife;2012;40.81;39.92;41.69
Santa Cruz de Tenerife;2013;41.15;40.26;42.02
Santa Cruz de Tenerife;2014;41.51;40.62;42.38
Santa Cruz de Tenerife;2015;41.84;40.93;42.73
Santa Cruz de Tenerife;2016;42.11;41.2;43.0
Santa Cruz de Tenerife;2017;42.4;41.47;43.31
Santa Cruz de Tenerife;2018;42.64;41.7;43.56
Santa Cruz de Tenerife;2019;42.87;41.91;43.8
Santa Cruz de Tenerife;2020;43.15;42.19;44.08
Santa Cruz de Tenerife;2021;43.53;42.56;44.46
Santa Cruz de Tenerife;2022;43.95;42.97;44.89
Santa Cruz de Tenerife;2023;44.2;43.22;45.15
Santa Cruz de Tenerife;2024;44.48;43.48;45.43
Cantabria;1975;33.78;32.3;35.2
Cantabria;1976;33.9;32.41;35.33
Cantabria;1977;34.01;32.51;35.46
Cantabria;1978;34.16;32.65;35.61
Cantabria;1979;34.33;32.81;35.8
Cantabria;1980;34.54;33.01;36.02
Cantabria;1981;34.77;33.2;36.27
Cantabria;1982;34.98;33.41;36.49
Cantabria;1983;35.26;33.69;36.76
Cantabria;1984;35.53;33.98;37.03
Cantabria;1985;35.84;34.29;37.34
Cantabria;1986;36.17;34.61;37.67
Cantabria;1987;36.51;34.95;38.01
Cantabria;1988;36.89;35.34;38.38
Cantabria;1989;37.26;35.72;38.74
Cantabria;1990;37.65;36.12;39.12
Cantabria;1991;38.04;36.51;39.5
Cantabria;1992;38.4;36.86;39.88
Cantabria;1993;38.75;37.19;40.24
Cantabria;1994;39.1;37.54;40.59
Cantabria;1995;39.48;37.9;40.98
Cantabria;1996;39.85;38.27;41.36
Cantabria;1997;40.2;38.62;41.7
Cantabria;1998;40.56;38.98;42.06
Cantabria;1999;40.91;39.32;42.42
Cantabria;2000;41.23;39.64;42.74
Cantabria;2001;41.54;39.96;43.04
Cantabria;2002;41.84;40.27;43.33
Cantabria;2003;42.04;40.47;43.54
Cantabria;2004;42.2;40.63;43.7
Cantabria;2005;42.38;40.82;43.87
Cantabria;2006;42.54;40.98;44.01
Cantabria;2007;42.67;41.12;44.15
Cantabria;2008;42.74;41.19;44.23
Cantabria;2009;42.84;41.29;44.33
Cantabria;2010;43.03;41.47;44.52
Cantabria;2011;43.26;41.7;44.76
Cantabria;2012;43.51;41.94;45.02
Cantabria;2013;43.8;42.23;45.3
Cantabria;2014;44.12;42.56;45.61
Cantabria;2015;44.42;42.88;45.9
Cantabria;2016;44.73;43.21;46.18
Cantabria;2017;45.03;43.5;46.48
Cantabria;2018;45.29;43.78;46.73
Cantabria;2019;45.55;44.03;46.97
Cantabria;2020;45.81;44.3;47.24
Cantabria;2021;46.07;44.58;47.49
Cantabria;2022;46.39;44.89;47.8
Cantabria;2023;46.57;45.09;47.96
Cantabria;2024;46.85;45.38;48.24
Segovia;1975;35.57;34.71;36.43
Segovia;1976;35.79;34.9;36.68
Segovia;1977;36.01;35.08;36.94
Segovia;1978;36.25;35.27;37.22
Segovia;1979;36.49;35.49;37.49
Segovia;1980;36.72;35.68;37.76
Segovia;1981;37.0;35.93;38.06
Segovia;1982;37.24;36.17;38.32
Segovia;1983;37.53;36.41;38.64
Segovia;1984;37.85;36.71;38.99
Segovia;1985;38.19;37.03;39.36
Segovia;1986;38.51;37.32;39.7
Segovia;1987;38.9;37.67;40.13
Segovia;1988;39.29;38.03;40.55
Segovia;1989;39.66;38.38;40.94
Segovia;1990;40.04;38.78;41.29
Segovia;1991;40.4;39.11;41.69
Segovia;1992;40.69;39.37;42.01
Segovia;1993;40.94;39.62;42.27
Segovia;1994;41.23;39.88;42.58
Segovia;1995;41.51;40.11;42.91
Segovia;1996;41.76;40.36;43.17
Segovia;1997;42.02;40.61;43.44
Segovia;1998;42.26;40.83;43.69
Segovia;1999;42.53;41.07;43.99
Segovia;2000;42.76;41.32;44.21
Segovia;2001;43.03;41.59;44.49
Segovia;2002;43.24;41.81;44.67
Segovia;2003;43.28;41.85;44.71
Segovia;2004;43.31;41.88;44.75
Segovia;2005;43.31;41.89;44.75
Segovia;2006;43.33;41.93;44.75
Segovia;2007;43.32;41.94;44.74
Segovia;2008;43.18;41.8;44.6
Segovia;2009;43.3;41.97;44.68
Segovia;2010;43.49;42.22;44.8
Segovia;2011;43.68;42.41;44.99
Segovia;2012;43.88;42.61;45.17
Segovia;2013;44.16;42.92;45.43
Segovia;2014;44.53;43.3;45.78
Segovia;2015;44.81;43.58;46.07
Segovia;2016;45.1;43.89;46.33
Segovia;2017;45.39;44.17;46.64
Segovia;2018;45.63;44.43;46.84
Segovia;2019;45.85;44.67;47.04
Segovia;2020;46.03;44.87;47.2
Segovia;2021;46.05;44.94;47.17
Segovia;2022;46.31;45.18;47.45
Segovia;2023;46.41;45.32;47.5
Segovia;2024;46.59;45.49;47.69
Sevilla;1975;30.81;29.42;32.14
Sevilla;1976;30.9;29.51;32.24
Sevilla;1977;30.96;29.57;32.3
Sevilla;1978;31.05;29.64;32.4
Sevilla;1979;31.16;29.75;32.5
Sevilla;1980;31.31;29.89;32.67
Sevilla;1981;31.5;30.07;32.87
Sevilla;1982;31.64;30.2;33.02
Sevilla;1983;31.81;30.37;33.19
Sevilla;1984;32.01;30.57;33.39
Sevilla;1985;32.24;30.8;33.63
Sevilla;1986;32.49;31.04;33.89
Sevilla;1987;32.76;31.32;34.16
Sevilla;1988;33.05;31.61;34.44
Sevilla;1989;33.35;31.91;34.73
Sevilla;1990;33.65;32.22;35.03
Sevilla;1991;33.96;32.53;35.34
Sevilla;1992;34.24;32.81;35.62
Sevilla;1993;34.52;33.08;35.9
Sevilla;1994;34.79;33.36;36.17
Sevilla;1995;35.1;33.67;36.47
Sevilla;1996;35.41;33.99;36.78
Sevilla;1997;35.74;34.33;37.1
Sevilla;1998;36.06;34.65;37.42
Sevilla;1999;36.37;34.96;37.72
Sevilla;2000;36.67;35.27;38.02
Sevilla;2001;36.96;35.56;38.31
Sevilla;2002;37.24;35.85;38.58
Sevilla;2003;37.49;36.1;38.82
Sevilla;2004;37.69;36.31;39.01
Sevilla;2005;37.89;36.53;39.21
Sevilla;2006;38.06;36.71;39.36
Sevilla;2007;38.23;36.88;39.52
Sevilla;2008;38.36;37.02;39.66
Sevilla;2009;38.5;37.16;39.78
Sevilla;2010;38.69;37.37;39.97
Sevilla;2011;38.92;37.61;40.18
Sevilla;2012;39.16;37.86;40.41
Sevilla;2013;39.44;38.14;40.68
Sevilla;2014;39.76;38.46;41.0
Sevilla;2015;40.06;38.76;41.31
Sevilla;2016;40.35;39.05;41.6
Sevilla;2017;40.65;39.35;41.9
Sevilla;2018;40.96;39.65;42.2
Sevilla;2019;41.27;39.97;42.52
Sevilla;2020;41.58;40.27;42.83
Sevilla;2021;41.89;40.58;43.15
Sevilla;2022;42.18;40.86;43.45
Sevilla;2023;42.45;41.14;43.7
Sevilla;2024;42.76;41.46;44.01
Soria;1975;37.63;36.85;38.4
Soria;1976;38.03;37.17;38.87
Soria;1977;38.37;37.45;39.27
Soria;1978;38.67;37.67;39.65
Soria;1979;39.0;37.91;40.08
Soria;1980;39.31;38.1;40.51
Soria;1981;39.65;38.33;40.96
Soria;1982;39.98;38.62;41.31
Soria;1983;40.3;38.93;41.65
Soria;1984;40.61;39.24;41.97
Soria;1985;40.95;39.57;42.31
Soria;1986;41.25;39.88;42.62
Soria;1987;41.55;40.17;42.92
Soria;1988;41.89;40.54;43.24
Soria;1989;42.24;40.92;43.56
Soria;1990;42.61;41.3;43.91
Soria;1991;42.99;41.7;44.27
Soria;1992;43.24;41.94;44.54
Soria;1993;43.47;42.18;44.76
Soria;1994;43.7;42.4;44.99
Soria;1995;43.97;42.62;45.31
Soria;1996;44.19;42.84;45.54
Soria;1997;44.42;43.07;45.76
Soria;1998;44.67;43.3;46.05
Soria;1999;44.85;43.52;46.18
Soria;2000;45.07;43.72;46.41
Soria;2001;45.22;43.87;46.58
Soria;2002;45.45;44.08;46.82
Soria;2003;45.49;44.11;46.88
Soria;2004;45.57;44.24;46.91
Soria;2005;45.62;44.28;46.96
Soria;2006;45.7;44.39;47.03
Soria;2007;45.72;44.43;47.04
Soria;2008;45.67;44.37;47.0
Soria;2009;45.66;44.38;46.98
Soria;2010;45.78;44.53;47.06
Soria;2011;45.92;44.7;47.19
Soria;2012;46.08;44.9;47.3
Soria;2013;46.32;45.15;47.53
Soria;2014;46.58;45.45;47.74
Soria;2015;46.77;45.64;47.93
Soria;2016;46.98;45.84;48.14
Soria;2017;47.18;46.07;48.31
Soria;2018;47.34;46.27;48.45
Soria;2019;47.49;46.46;48.56
Soria;2020;47.55;46.49;48.63
Soria;2021;47.51;46.5;48.56
Soria;2022;47.73;46.71;48.78
Soria;2023;47.63;46.63;48.65
Soria;2024;47.7;46.64;48.78
Tarragona;1975;35.21;34.19;36.2
Tarragona;1976;35.12;34.12;36.11
Tarragona;1977;35.03;34.02;36.01
Tarragona;1978;34.96;33.95;35.95
Tarragona;1979;34.95;33.95;35.92
Tarragona;1980;35.04;34.05;36.0
Tarragona;1981;35.17;34.19;36.13
Tarragona;1982;35.32;34.33;36.3
Tarragona;1983;35.53;34.51;36.54
Tarragona;1984;35.78;34.73;36.81
Tarragona;1985;36.03;34.97;37.08
Tarragona;1986;36.26;35.19;37.32
Tarragona;1987;36.55;35.47;37.62
Tarragona;1988;36.86;35.74;37.96
Tarragona;1989;37.16;36.02;38.28
Tarragona;1990;37.47;36.31;38.62
Tarragona;1991;37.79;36.6;38.96
Tarragona;1992;38.04;36.86;39.21
Tarragona;1993;38.29;37.11;39.45
Tarragona;1994;38.54;37.36;39.71
Tarragona;1995;38.8;37.63;39.95
Tarragona;1996;39.06;37.9;40.2
Tarragona;1997;39.33;38.19;40.47
Tarragona;1998;39.6;38.47;40.72
Tarragona;1999;39.87;38.75;40.97
Tarragona;2000;40.11;39.02;41.2
Tarragona;2001;40.36;39.28;41.42
Tarragona;2002;40.58;39.51;41.64
Tarragona;2003;40.49;39.42;41.56
Tarragona;2004;40.43;39.36;41.51
Tarragona;2005;40.33;39.26;41.41
Tarragona;2006;40.18;39.13;41.25
Tarragona;2007;40.06;39.04;41.12
Tarragona;2008;39.94;38.94;40.98
Tarragona;2009;40.0;39.01;41.01
Tarragona;2010;40.2;39.24;41.2
Tarragona;2011;40.41;39.44;41.41
Tarragona;2012;40.67;39.69;41.67
Tarragona;2013;41.0;40.02;42.0
Tarragona;2014;41.39;40.4;42.39
Tarragona;2015;41.73;40.73;42.73
Tarragona;2016;42.02;41.02;43.03
Tarragona;2017;42.32;41.31;43.33
Tarragona;2018;42.54;41.54;43.54
Tarragona;2019;42.73;41.7;43.75
Tarragona;2020;42.88;41.83;43.94
Tarragona;2021;43.08;42.03;44.14
Tarragona;2022;43.31;42.25;44.37
Tarragona;2023;43.43;42.36;44.49
Tarragona;2024;43.62;42.53;44.7
Teruel;1975;39.0;38.0;40.01
Teruel;1976;39.23;38.22;40.24
Teruel;1977;39.44;38.43;40.45
Teruel;1978;39.61;38.62;40.61
Teruel;1979;39.78;38.75;40.83
Teruel;1980;39.93;38.92;40.95
Teruel;1981;40.08;39.07;41.1
Teruel;1982;40.3;39.22;41.39
Teruel;1983;40.57;39.47;41.69
Teruel;1984;40.82;39.71;41.94
Teruel;1985;41.04;39.93;42.17
Teruel;1986;41.29;40.14;42.44
Teruel;1987;41.53;40.39;42.67
Teruel;1988;41.81;40.66;42.98
Teruel;1989;42.09;40.95;43.24
Teruel;1990;42.38;41.23;43.55
Teruel;1991;42.66;41.51;43.82
Teruel;1992;42.89;41.77;44.03
Teruel;1993;43.14;41.99;44.3
Teruel;1994;43.36;42.19;44.55
Teruel;1995;43.58;42.42;44.76
Teruel;1996;43.83;42.67;45.01
Teruel;1997;44.09;42.95;45.25
Teruel;1998;44.28;43.15;45.43
Teruel;1999;44.5;43.36;45.66
Teruel;2000;44.73;43.6;45.89
Teruel;2001;44.94;43.81;46.1
Teruel;2002;45.12;43.99;46.28
Teruel;2003;45.07;43.92;46.25
Teruel;2004;45.07;43.95;46.23
Teruel;2005;45.05;43.9;46.25
Teruel;2006;45.0;43.81;46.25
Teruel;2007;44.87;43.67;46.13
Teruel;2008;44.69;43.51;45.96
Teruel;2009;44.68;43.56;45.87
Teruel;2010;44.82;43.76;45.94
Teruel;2011;44.96;43.91;46.07
Teruel;2012;45.12;44.09;46.19
Teruel;2013;45.32;44.35;46.34
Teruel;2014;45.54;44.58;46.54
Teruel;2015;45.8;44.84;46.78
Teruel;2016;46.02;45.07;47.0
Teruel;2017;46.21;45.28;47.16
Teruel;2018;46.34;45.43;47.28
Teruel;2019;46.41;45.48;47.37
Teruel;2020;46.48;45.54;47.45
Teruel;2021;46.49;45.58;47.42
Teruel;2022;46.6;45.67;47.56
Teruel;2023;46.56;45.67;47.46
Teruel;2024;46.69;45.82;47.57
Toledo;1975;34.76;33.7;35.8
Toledo;1976;34.96;33.87;36.03
Toledo;1977;35.12;34.01;36.21
Toledo;1978;35.31;34.18;36.42
Toledo;1979;35.47;34.31;36.61
Toledo;1980;35.66;34.48;36.82
Toledo;1981;35.81;34.6;37.0
Toledo;1982;35.96;34.73;37.17
Toledo;1983;36.16;34.93;37.38
Toledo;1984;36.37;35.14;37.58
Toledo;1985;36.58;35.36;37.79
Toledo;1986;36.79;35.59;37.98
Toledo;1987;37.03;35.82;38.22
Toledo;1988;37.28;36.09;38.47
Toledo;1989;37.53;36.33;38.73
Toledo;1990;37.75;36.55;38.95
Toledo;1991;37.99;36.79;39.2
Toledo;1992;38.2;36.98;39.41
Toledo;1993;38.36;37.14;39.57
Toledo;1994;38.54;37.32;39.76
Toledo;1995;38.74;37.53;39.95
Toledo;1996;38.95;37.73;40.16
Toledo;1997;39.16;37.95;40.36
Toledo;1998;39.38;38.17;40.57
Toledo;1999;39.6;38.4;40.78
Toledo;2000;39.78;38.59;40.96
Toledo;2001;39.99;38.81;41.17
Toledo;2002;40.12;38.94;41.29
Toledo;2003;40.1;38.95;41.26
Toledo;2004;40.04;38.92;41.17
Toledo;2005;39.97;38.86;41.11
Toledo;2006;39.9;38.81;41.0
Toledo;2007;39.77;38.7;40.87
Toledo;2008;39.54;38.49;40.64
Toledo;2009;39.54;38.49;40.62
Toledo;2010;39.7;38.66;40.76
Toledo;2011;39.88;38.87;40.93
Toledo;2012;40.1;39.09;41.13
Toledo;2013;40.35;39.35;41.37
Toledo;2014;40.71;39.73;41.72
Toledo;2015;41.07;40.1;42.07
Toledo;2016;41.39;40.41;42.39
Toledo;2017;41.7;40.72;42.69
Toledo;2018;41.93;40.96;42.91
Toledo;2019;42.13;41.17;43.11
Toledo;2020;42.3;41.34;43.27
Toledo;2021;42.4;41.45;43.36
Toledo;2022;42.63;41.69;43.58
Toledo;2023;42.77;41.83;43.73
Toledo;2024;42.96;42.02;43.91
Valencia/València;1975;33.37;32.12;34.56
Valencia/València;1976;33.36;32.09;34.57
Valencia/València;1977;33.37;32.08;34.6
Valencia/València;1978;33.4;32.1;34.64
Valencia/València;1979;33.47;32.15;34.72
Valencia/València;1980;33.59;32.27;34.86
Valencia/València;1981;33.77;32.44;35.04
Valencia/València;1982;33.97;32.62;35.26
Valencia/València;1983;34.22;32.87;35.51
Valencia/València;1984;34.5;33.14;35.8
Valencia/València;1985;34.8;33.43;36.11
Valencia/València;1986;35.1;33.73;36.42
Valencia/València;1987;35.43;34.05;36.74
Valencia/València;1988;35.77;34.38;37.09
Valencia/València;1989;36.1;34.71;37.43
Valencia/València;1990;36.44;35.05;37.76
Valencia/València;1991;36.78;35.4;38.1
Valencia/València;1992;37.07;35.68;38.4
Valencia/València;1993;37.34;35.93;38.68
Valencia/València;1994;37.61;36.2;38.97
Valencia/València;1995;37.9;36.48;39.27
Valencia/València;1996;38.21;36.78;39.58
Valencia/València;1997;38.51;37.06;39.89
Valencia/València;1998;38.79;37.34;40.18
Valencia/València;1999;39.09;37.63;40.48
Valencia/València;2000;39.34;37.88;40.74
Valencia/València;2001;39.61;38.15;41.0
Valencia/València;2002;39.83;38.37;41.23
Valencia/València;2003;39.88;38.42;41.3
Valencia/València;2004;39.93;38.48;41.34
Valencia/València;2005;40.01;38.56;41.42
Valencia/València;2006;40.08;38.63;41.49
Valencia/València;2007;40.14;38.72;41.53
Valencia/València;2008;40.18;38.76;41.57
Valencia/València;2009;40.32;38.92;41.7
Valencia/València;2010;40.59;39.2;41.96
Valencia/València;2011;40.87;39.47;42.23
Valencia/València;2012;41.16;39.77;42.52
Valencia/València;2013;41.49;40.1;42.83
Valencia/València;2014;41.86;40.48;43.21
Valencia/València;2015;42.17;40.79;43.51
Valencia/València;2016;42.46;41.08;43.79
Valencia/València;2017;42.74;41.36;44.06
Valencia/València;2018;42.97;41.6;44.29
Valencia/València;2019;43.21;41.85;44.51
Valencia/València;2020;43.4;42.04;44.71
Valencia/València;2021;43.66;42.3;44.97
Valencia/València;2022;43.87;42.5;45.19
Valencia/València;2023;43.92;42.57;45.22
Valencia/València;2024;44.01;42.67;45.29
Valladolid;1975;32.02;30.9;33.1
Valladolid;1976;32.13;30.97;33.25
Valladolid;1977;32.2;31.03;33.34
Valladolid;1978;32.32;31.12;33.49
Valladolid;1979;32.46;31.24;33.64
Valladolid;1980;32.68;31.45;33.87
Valladolid;1981;32.92;31.68;34.14
Valladolid;1982;33.24;31.94;34.51
Valladolid;1983;33.59;32.24;34.92
Valladolid;1984;33.98;32.65;35.28
Valladolid;1985;34.35;33.04;35.64
Valladolid;1986;34.75;33.44;36.03
Valladolid;1987;35.18;33.89;36.44
Valladolid;1988;35.59;34.32;36.83
Valladolid;1989;36.02;34.75;37.25
Valladolid;1990;36.45;35.2;37.66
Valladolid;1991;36.89;35.67;38.08
Valladolid;1992;37.3;36.06;38.49
Valladolid;1993;37.7;36.46;38.9
Valladolid;1994;38.11;36.87;39.3
Valladolid;1995;38.52;37.28;39.71
Valladolid;1996;38.93;37.69;40.13
Valladolid;1997;39.34;38.1;40.54
Valladolid;1998;39.74;38.51;40.93
Valladolid;1999;40.13;38.91;41.31
Valladolid;2000;40.51;39.28;41.69
Valladolid;2001;40.87;39.63;42.06
Valladolid;2002;41.21;39.96;42.41
Valladolid;2003;41.47;40.21;42.68
Valladolid;2004;41.72;40.44;42.95
Valladolid;2005;41.97;40.69;43.21
Valladolid;2006;42.19;40.92;43.42
Valladolid;2007;42.4;41.12;43.63
Valladolid;2008;42.56;41.24;43.82
Valladolid;2009;42.78;41.47;44.06
Valladolid;2010;43.07;41.76;44.33
Valladolid;2011;43.34;42.02;44.62
Valladolid;2012;43.67;42.35;44.93
Valladolid;2013;43.98;42.65;45.26
Valladolid;2014;44.34;42.99;45.63
Valladolid;2015;44.66;43.3;45.96
Valladolid;2016;44.97;43.62;46.26
Valladolid;2017;45.3;43.95;46.59
Valladolid;2018;45.61;44.26;46.89
Valladolid;2019;45.89;44.54;47.17
Valladolid;2020;46.18;44.84;47.44
Valladolid;2021;46.4;45.08;47.65
Valladolid;2022;46.71;45.36;47.98
Valladolid;2023;46.87;45.51;48.15
Valladolid;2024;47.06;45.69;48.37
Bizkaia;1975;31.82;30.76;32.84
Bizkaia;1976;31.95;30.88;32.99
Bizkaia;1977;32.09;31.01;33.14
Bizkaia;1978;32.27;31.17;33.35
Bizkaia;1979;32.53;31.42;33.62
Bizkaia;1980;32.84;31.71;33.94
Bizkaia;1981;33.21;32.07;34.33
Bizkaia;1982;33.55;32.39;34.69
Bizkaia;1983;33.94;32.76;35.1
Bizkaia;1984;34.36;33.15;35.53
Bizkaia;1985;34.78;33.56;35.96
Bizkaia;1986;35.21;33.97;36.41
Bizkaia;1987;35.66;34.4;36.88
Bizkaia;1988;36.13;34.85;37.37
Bizkaia;1989;36.62;35.32;37.87
Bizkaia;1990;37.12;35.81;38.38
Bizkaia;1991;37.61;36.28;38.89
Bizkaia;1992;38.07;36.73;39.35
Bizkaia;1993;38.52;37.16;39.82
Bizkaia;1994;38.96;37.58;40.28
Bizkaia;1995;39.42;38.02;40.76
Bizkaia;1996;39.86;38.44;41.21
Bizkaia;1997;40.28;38.85;41.64
Bizkaia;1998;40.69;39.24;42.06
Bizkaia;1999;41.09;39.62;42.48
Bizkaia;2000;41.47;39.98;42.87
Bizkaia;2001;41.83;40.32;43.26
Bizkaia;2002;42.16;40.63;43.61
Bizkaia;2003;42.42;40.86;43.89
Bizkaia;2004;42.64;41.06;44.13
Bizkaia;2005;42.85;41.26;44.36
Bizkaia;2006;43.04;41.43;44.56
Bizkaia;2007;43.22;41.6;44.75
Bizkaia;2008;43.39;41.75;44.94
Bizkaia;2009;43.57;41.92;45.13
Bizkaia;2010;43.79;42.12;45.37
Bizkaia;2011;44.02;42.34;45.6
Bizkaia;2012;44.25;42.58;45.82
Bizkaia;2013;44.55;42.88;46.11
Bizkaia;2014;44.89;43.2;46.47
Bizkaia;2015;45.15;43.45;46.73
Bizkaia;2016;45.38;43.67;46.97
Bizkaia;2017;45.58;43.87;47.17
Bizkaia;2018;45.78;44.07;47.37
Bizkaia;2019;45.96;44.26;47.55
Bizkaia;2020;46.11;44.4;47.7
Bizkaia;2021;46.32;44.61;47.92
Bizkaia;2022;46.58;44.86;48.19
Bizkaia;2023;46.68;44.98;48.28
Bizkaia;2024;46.84;45.13;48.44
Zamora;1975;37.21;35.85;38.52
Zamora;1976;37.61;36.23;38.95
Zamora;1977;38.0;36.6;39.36
Zamora;1978;38.37;36.96;39.75
Zamora;1979;38.74;37.33;40.11
Zamora;1980;39.12;37.69;40.51
Zamora;1981;39.46;38.02;40.86
Zamora;1982;39.74;38.28;41.15
Zamora;1983;40.02;38.56;41.45
Zamora;1984;40.28;38.8;41.73
Zamora;1985;40.58;39.06;42.05
Zamora;1986;40.84;39.3;42.34
Zamora;1987;41.14;39.6;42.64
Zamora;1988;41.46;39.92;42.97
Zamora;1989;41.78;40.24;43.29
Zamora;1990;42.11;40.55;43.62
Zamora;1991;42.4;40.84;43.92
Zamora;1992;42.72;41.15;44.26
Zamora;1993;43.04;41.46;44.58
Zamora;1994;43.4;41.84;44.93
Zamora;1995;43.78;42.21;45.31
Zamora;1996;44.14;42.57;45.66
Zamora;1997;44.49;42.95;46.0
Zamora;1998;44.85;43.3;46.36
Zamora;1999;45.21;43.65;46.73
Zamora;2000;45.55;43.97;47.09
Zamora;2001;45.89;44.31;47.43
Zamora;2002;46.26;44.69;47.79
Zamora;2003;46.55;45.0;48.05
Zamora;2004;46.8;45.27;48.28
Zamora;2005;47.06;45.55;48.53
Zamora;2006;47.29;45.79;48.75
Zamora;2007;47.53;46.04;49.0
Zamora;2008;47.64;46.15;49.12
Zamora;2009;47.87;46.41;49.3
Zamora;2010;48.14;46.69;49.57
Zamora;2011;48.42;46.99;49.84
Zamora;2012;48.68;47.25;50.08
Zamora;2013;48.96;47.54;50.36
Zamora;2014;49.28;47.86;50.69
Zamora;2015;49.61;48.21;51.0
Zamora;2016;49.92;48.51;51.31
Zamora;2017;50.22;48.82;51.59
Zamora;2018;50.53;49.11;51.91
Zamora;2019;50.8;49.36;52.21
Zamora;2020;51.08;49.63;52.49
Zamora;2021;51.2;49.75;52.63
Zamora;2022;51.48;50.07;52.87
Zamora;2023;51.65;50.22;53.05
Zamora;2024;51.79;50.38;53.18
Zaragoza;1975;35.03;33.81;36.2
Zaragoza;1976;35.13;33.9;36.32
Zaragoza;1977;35.26;34.01;36.46
Zaragoza;1978;35.42;34.17;36.63
Zaragoza;1979;35.63;34.36;36.85
Zaragoza;1980;35.88;34.61;37.1
Zaragoza;1981;36.16;34.87;37.39
Zaragoza;1982;36.42;35.12;37.68
Zaragoza;1983;36.72;35.4;37.99
Zaragoza;1984;37.03;35.7;38.31
Zaragoza;1985;37.33;35.99;38.63
Zaragoza;1986;37.64;36.28;38.95
Zaragoza;1987;37.96;36.59;39.27
Zaragoza;1988;38.31;36.94;39.62
Zaragoza;1989;38.64;37.27;39.96
Zaragoza;1990;38.98;37.59;40.32
Zaragoza;1991;39.35;37.94;40.7
Zaragoza;1992;39.64;38.23;40.98
Zaragoza;1993;39.91;38.5;41.27
Zaragoza;1994;40.18;38.76;41.55
Zaragoza;1995;40.47;39.04;41.84
Zaragoza;1996;40.74;39.3;42.13
Zaragoza;1997;41.03;39.58;42.42
Zaragoza;1998;41.3;39.84;42.7
Zaragoza;1999;41.56;40.09;42.97
Zaragoza;2000;41.79;40.31;43.21
Zaragoza;2001;42.04;40.54;43.48
Zaragoza;2002;42.19;40.68;43.63
Zaragoza;2003;42.25;40.74;43.7
Zaragoza;2004;42.3;40.8;43.76
Zaragoza;2005;42.34;40.83;43.81
Zaragoza;2006;42.33;40.83;43.79
Zaragoza;2007;42.33;40.84;43.79
Zaragoza;2008;42.2;40.69;43.68
Zaragoza;2009;42.2;40.69;43.69
Zaragoza;2010;42.39;40.89;43.87
Zaragoza;2011;42.61;41.13;44.07
Zaragoza;2012;42.82;41.34;44.27
Zaragoza;2013;43.07;41.61;44.5
Zaragoza;2014;43.36;41.87;44.8
Zaragoza;2015;43.6;42.12;45.04
Zaragoza;2016;43.87;42.38;45.3
Zaragoza;2017;44.11;42.62;45.55
Zaragoza;2018;44.32;42.83;45.76
Zaragoza;2019;44.45;42.97;45.87
Zaragoza;2020;44.59;43.1;46.01
Zaragoza;2021;44.73;43.25;46.14
Zaragoza;2022;44.97;43.49;46.4
Zaragoza;2023;45.03;43.56;46.44
Zaragoza;2024;45.2;43.72;46.62
Ceuta;1975;30.13;28.78;31.42
Ceuta;1976;30.23;28.88;31.52
Ceuta;1977;30.28;28.96;31.56
Ceuta;1978;30.37;29.03;31.67
Ceuta;1979;30.42;29.07;31.72
Ceuta;1980;30.44;29.1;31.73
Ceuta;1981;30.43;29.09;31.72
Ceuta;1982;30.56;29.28;31.79
Ceuta;1983;30.76;29.51;31.96
Ceuta;1984;30.98;29.78;32.14
Ceuta;1985;31.22;30.02;32.37
Ceuta;1986;31.39;30.24;32.5
Ceuta;1987;31.61;30.45;32.73
Ceuta;1988;31.81;30.62;32.96
Ceuta;1989;31.98;30.81;33.11
Ceuta;1990;32.16;30.99;33.28
Ceuta;1991;32.37;31.19;33.5
Ceuta;1992;32.55;31.37;33.69
Ceuta;1993;32.73;31.52;33.9
Ceuta;1994;32.9;31.68;34.09
Ceuta;1995;33.11;31.92;34.29
Ceuta;1996;33.35;32.18;34.5
Ceuta;1997;33.59;32.46;34.71
Ceuta;1998;33.8;32.7;34.9
Ceuta;1999;34.02;32.94;35.1
Ceuta;2000;34.23;33.21;35.26
Ceuta;2001;34.47;33.5;35.45
Ceuta;2002;34.68;33.73;35.64
Ceuta;2003;34.9;34.03;35.79
Ceuta;2004;35.12;34.26;36.0
Ceuta;2005;35.32;34.46;36.18
Ceuta;2006;35.48;34.68;36.28
Ceuta;2007;35.65;34.93;36.39
Ceuta;2008;35.77;35.08;36.47
Ceuta;2009;35.86;35.23;36.5
Ceuta;2010;35.84;35.25;36.45
Ceuta;2011;35.83;35.24;36.46
Ceuta;2012;35.85;35.29;36.44
Ceuta;2013;36.04;35.51;36.59
Ceuta;2014;36.2;35.7;36.72
Ceuta;2015;36.35;35.86;36.87
Ceuta;2016;36.6;36.05;37.18
Ceuta;2017;36.8;36.23;37.38
Ceuta;2018;37.0;36.42;37.6
Ceuta;2019;37.3;36.77;37.85
Ceuta;2020;37.66;37.15;38.19
Ceuta;2021;37.96;37.44;38.51
Ceuta;2022;38.26;37.68;38.84
Ceuta;2023;38.55;37.96;39.14
Ceuta;2024;38.92;38.36;39.5
Melilla;1975;30.8;29.2;32.32
Melilla;1976;31.08;29.44;32.63
Melilla;1977;31.29;29.63;32.86
Melilla;1978;31.44;29.77;33.03
Melilla;1979;31.5;29.84;33.08
Melilla;1980;31.47;29.78;33.09
Melilla;1981;31.3;29.53;32.99
Melilla;1982;31.4;29.66;33.06
Melilla;1983;31.48;29.71;33.18
Melilla;1984;31.56;29.82;33.23
Melilla;1985;31.63;29.92;33.28
Melilla;1986;31.68;29.99;33.31
Melilla;1987;31.73;30.07;33.35
Melilla;1988;31.83;30.19;33.43
Melilla;1989;31.86;30.26;33.42
Melilla;1990;31.94;30.4;33.45
Melilla;1991;32.1;30.62;33.55
Melilla;1992;32.21;30.77;33.62
Melilla;1993;32.27;30.83;33.69
Melilla;1994;32.35;30.9;33.78
Melilla;1995;32.45;31.01;33.87
Melilla;1996;32.57;31.18;33.95
Melilla;1997;32.73;31.35;34.11
Melilla;1998;32.9;31.53;34.25
Melilla;1999;33.06;31.75;34.36
Melilla;2000;33.26;31.96;34.56
Melilla;2001;33.44;32.14;34.74
Melilla;2002;33.68;32.39;34.95
Melilla;2003;33.9;32.66;35.14
Melilla;2004;34.04;32.85;35.23
Melilla;2005;34.21;33.11;35.32
Melilla;2006;34.43;33.4;35.47
Melilla;2007;34.51;33.53;35.5
Melilla;2008;34.6;33.69;35.53
Melilla;2009;34.64;33.79;35.53
Melilla;2010;34.67;33.86;35.52
Melilla;2011;34.66;33.94;35.42
Melilla;2012;34.64;34.01;35.31
Melilla;2013;34.6;33.99;35.25
Melilla;2014;34.69;34.09;35.32
Melilla;2015;34.72;34.07;35.4
Melilla;2016;34.85;34.23;35.5
Melilla;2017;35.04;34.46;35.65
Melilla;2018;35.24;34.64;35.86
Melilla;2019;35.48;34.88;36.11
Melilla;2020;35.76;35.18;36.37
Melilla;2021;36.08;35.55;36.62
Melilla;2022;36.45;35.9;37.0
Melilla;2023;36.84;36.29;37.4
Melilla;2024;37.25;36.64;37.87
